CREATE DATABASE cardatabase;
USE cardatabase;

CREATE TABLE User (
	user_ID INT AUTO_INCREMENT PRIMARY KEY,
	name VARCHAR(255) UNIQUE NOT NULL,
	password VARCHAR(255) UNIQUE NOT NULL
);

CREATE TABLE Car (
	car_ID INT PRIMARY KEY,
	make VARCHAR(255) NOT NULL,
	model VARCHAR(255) NOT NULL,
	year INT NOT NULL,
	body_style VARCHAR(255) NOT NULL,
	price VARCHAR(255),
	MPG VARCHAR(255),
	HP VARCHAR(255),
	engine VARCHAR(255),
	transmission VARCHAR(255),
	weight INT,
	rating DECIMAL(10,2)
);

CREATE TABLE Saved_Car (
	user_ID INT,
	car_ID INT,
	PRIMARY KEY (user_ID, car_ID),
	FOREIGN KEY (user_ID) REFERENCES User(user_ID) ON UPDATE CASCADE ON DELETE CASCADE,
	FOREIGN KEY (car_ID) REFERENCES Car(car_ID) ON UPDATE CASCADE ON DELETE CASCADE
);

CREATE TABLE Review (
	review_ID INT AUTO_INCREMENT PRIMARY KEY,
	car_ID INT,
	user_ID INT,
	content TEXT NOT NULL,
	FOREIGN KEY (car_ID) REFERENCES Car(car_ID) ON UPDATE CASCADE ON DELETE CASCADE,
	FOREIGN KEY (user_ID) REFERENCES User(user_ID) ON UPDATE CASCADE ON DELETE CASCADE
); 

CREATE TABLE Review_Like (
	review_ID INT,
	user_ID INT,
	PRIMARY KEY(review_ID, user_ID),
	FOREIGN KEY (review_ID) REFERENCES Review(review_ID) ON UPDATE CASCADE ON DELETE CASCADE,
	FOREIGN KEY (user_ID) REFERENCES User(user_ID) ON UPDATE CASCADE ON DELETE CASCADE
);

CREATE TABLE Review_Dislike (
	review_ID INT,
	user_ID INT,
	PRIMARY KEY(review_ID, user_ID),
	FOREIGN KEY (review_ID) REFERENCES Review(review_ID) ON UPDATE CASCADE ON DELETE CASCADE,
	FOREIGN KEY (user_ID) REFERENCES User(user_ID) ON UPDATE CASCADE ON DELETE CASCADE
);
	

CREATE TABLE Comments (
	comment_ID INT AUTO_INCREMENT PRIMARY KEY,
	review_ID INT,
	user_ID INT,
	textualContent TEXT NOT NULL,
	FOREIGN KEY (user_ID) REFERENCES User(user_ID) ON UPDATE CASCADE ON DELETE CASCADE,
	FOREIGN KEY (review_ID) REFERENCES Review(review_ID) ON UPDATE CASCADE ON DELETE CASCADE
);

CREATE TABLE Comment_Like (
	comment_ID INT,
	user_ID INT,
	PRIMARY KEY(comment_ID, user_ID),
	FOREIGN KEY (comment_ID) REFERENCES Comments(comment_ID) ON UPDATE CASCADE ON DELETE CASCADE,
	FOREIGN KEY (user_ID) REFERENCES User(user_ID) ON UPDATE CASCADE ON DELETE CASCADE
);

CREATE TABLE Comment_Dislike (
	comment_ID INT,
	user_ID INT,
	PRIMARY KEY(comment_ID, user_ID),
	FOREIGN KEY (comment_ID) REFERENCES Comments(comment_ID) ON UPDATE CASCADE ON DELETE CASCADE,
	FOREIGN KEY (user_ID) REFERENCES User(user_ID) ON UPDATE CASCADE ON DELETE CASCADE
);

CREATE TABLE Photo (
	photo_ID INT PRIMARY KEY,
	image_path VARCHAR(255)
);

CREATE TABLE Car_Has_Photo (
	car_ID INT,
	photo_ID INT,
	PRIMARY KEY (car_ID, photo_ID),
	FOREIGN KEY (car_ID) REFERENCES Car(car_ID) ON UPDATE CASCADE ON DELETE CASCADE,
	FOREIGN KEY (photo_ID) REFERENCES Photo(photo_ID) ON UPDATE CASCADE ON DELETE CASCADE
);

INSERT INTO Car(car_ID, make, model, year, body_style, price, MPG, HP, engine, transmission, weight, rating) VALUES
	(1, 'Acura', 'MDX', 2024, 'SUV', '50000', '20 / 27', '290 hp', '3.5L V6', '9-speed automatic', 4300, 7.8),
	(2, 'Acura', 'TLX', 2024, 'Sedan', '45000', '21 / 30', '272 hp', '2.0L Turbo I4', '10-speed automatic', 3600, 8),
	(3, 'Acura', 'RDX', 2024, 'SUV', '43000', '22 / 28', '272 hp', '2.0L Turbo I4', '10-speed automatic', 3800, 7.6),
	(4, 'Acura', 'ILX', 2024, 'Sedan', '30000', '24 / 34', '201 hp', '2.4L I4', '8-speed automatic', 3200, 7.1),
	(5, 'Acura', 'NSX', 2024, 'Coupe', '160000', '21 / 22', '537 hp', '3.5L Turbo V6', '9-speed dual-clutch automatic', 3800, 8.2),
	(6, 'Audi', 'Q5', 2024, 'SUV', '55000', '23 / 30', '261 hp', '2.0L Turbo I4', '7-speed dual-clutch automatic', 4300, 7.9),
	(7, 'Audi', 'A6', 2024, 'Sedan', '60000', '22 / 29', '335 hp', '3.0L V6', '7-speed dual-clutch automatic, 8-speed automatic', 4000, 7.8),
	(8, 'Audi', 'A3', 2024, 'Sedan', '35000', '26 / 35', '201 hp', '2.0L Turbo I4', '7-speed dual-clutch automatic', 3300, 7.3),
	(9, 'Audi', 'Q7', 2024, 'SUV', '70000', '20 / 25', '335 hp', '3.0L V6', '8-speed automatic', 5000, 8),
	(10, 'Audi', 'e-tron', 2024, 'SUV (Electric)', '70000', '80 / 226', '355 hp', 'Electric', 'Single-speed automatic', 5300, 8),
	(11, 'BMW', 'X5', 2024, 'SUV', '65000', '21 / 26', '335 hp', '3.0L I6', '8-speed automatic', 4800, 8.1),
	(12, 'BMW', '3 Series', 2024, 'Sedan', '45000', '26 / 36', '255 hp', '2.0L Turbo I4', '8-speed automatic', 3500, 8.2),
	(13, 'BMW', 'X3', 2024, 'SUV', '52000', '23 / 29', '248 hp', '2.0L Turbo I4', '8-speed automatic', 4300, 8.1),
	(14, 'BMW', '5 Series', 2024, 'Sedan', '55000', '25 / 34', '335 hp', '3.0L I6', '8-speed automatic', 4200, 8),
	(15, 'BMW', 'Z4', 2024, 'Convertible', '55000', '25 / 32', '382 hp', '3.0L Turbo I6', '8-speed automatic', 3300, 8.1),
	(16, 'Chrysler', 'Pacifica', 2024, 'Minivan', '45000', '19 / 28', '287 hp', '3.6L V6', '9-speed automatic', 4500, 7.6),
	(17, 'Chrysler', '300', 2024, 'Sedan', '41000', '18 / 27', '292 hp', '3.6L V6', '8-speed automatic', 4000, 6.6),
	(18, 'Chrysler', 'Voyager', 2024, 'Minivan', '40000', '19 / 28', '287 hp', '3.6L V6', '9-speed automatic', 4500, 7),
	(19, 'Chrysler', 'Dodge Durango', 2024, 'SUV', '48000', '20 / 26', '293 hp', '3.6L V6', '8-speed automatic', 5000, 7.2),
	(20, 'Chrysler', 'Dodge Charger', 2024, 'Sedan', '41000', '19 / 30', '292 hp', '3.6L V6', '8-speed automatic', 4200, 7.8),
	(21, 'Ford', 'F-150', 2024, 'Truck', '55000', '20 / 26', '400 hp', '3.5L V6', '10-speed automatic, 6-speed automatic', 5300, 8.1),
	(22, 'Ford', 'Mustang', 2024, 'Coupe', '45000', '21 / 30', '450 hp', '5.0L V8', '6-speed manual, 10-speed automatic', 3600, 8.4),
	(23, 'Ford', 'Explorer', 2024, 'SUV', '50000', '21 / 28', '300 hp', '2.3L Turbo I4', '10-speed automatic', 4800, 7.7),
	(24, 'Ford', 'Escape', 2024, 'SUV', '35000', '27 / 33', '250 hp', '2.0L Turbo I4', '8-speed automatic', 3800, 7.6),
	(25, 'Ford', 'Bronco', 2024, 'SUV', '42000', '20 / 24', '330 hp', '2.7L Turbo V6', '7-speed manual, 10-speed automatic', 4500, 8.1),
	(26, 'Honda', 'Accord', 2024, 'Sedan', '35000', '30 / 38', '192 hp', '1.5L Turbo I4', 'Continuously variable transmission (CVT)', 3400, 8),
	(27, 'Honda', 'CR-V', 2024, 'SUV', '32000', '28 / 34', '190 hp', '1.5L Turbo I4', 'Continuously variable transmission (CVT)', 3600, 8.1),
	(28, 'Honda', 'Civic', 2024, 'Sedan', '28000', '32 / 42', '158 hp', '2.0L I4', 'Continuously variable transmission (CVT)', 2800, 8.1),
	(29, 'Honda', 'Pilot', 2024, 'SUV', '38000', '20 / 27', '280 hp', '3.5L V6', '9-speed automatic', 4500, 7.8),
	(30, 'Honda', 'Odyssey', 2024, 'Minivan', '37000', '19 / 28', '280 hp', '3.5L V6', '10-speed automatic', 4600, 8),
	(31, 'Jaguar', 'F-Pace', 2024, 'SUV', '60000', '22 / 27', '246 hp', '2.0L Turbo I4', '8-speed automatic', 4300, 7.7),
	(32, 'Jaguar', 'XE', 2024, 'Sedan', '45000', '25 / 34', '246 hp', '2.0L Turbo I4', '8-speed automatic', 3400, 7.5),
	(33, 'Jaguar', 'I-PACE', 2024, 'SUV (Electric)', '70000', '80 / 234', '394 hp', 'Electric', 'Single-speed automatic', 5000, 7.5),
	(34, 'Jaguar', 'F-Type', 2024, 'Coupe', '65000', '20 / 28', '444 hp', '5.0L V8', '8-speed automatic', 3900, 7.8),
	(35, 'Jaguar', 'E-PACE', 2024, 'SUV', '50000', '21 / 28', '246 hp', '2.0L Turbo I4', '9-speed automatic', 4100, 7.2),
	(36, 'Lexus', 'RX 350', 2024, 'SUV', '55000', '22 / 29', '311 hp', '3.5L V6', '8-speed automatic', 4300, 8),
	(37, 'Lexus', 'ES 350', 2024, 'Sedan', '43000', '22 / 32', '302 hp', '3.5L V6', '8-speed automatic', 3700, 8),
	(38, 'Lexus', 'NX 350', 2024, 'SUV', '45000', '24 / 33', '275 hp', '2.4L Turbo I4', '8-speed automatic', 3800, 7.8),
	(39, 'Lexus', 'LS 500', 2024, 'Sedan', '75000', '18 / 28', '416 hp', '3.5L V6', '10-speed automatic', 4600, 8),
	(40, 'Lexus', 'UX 250h', 2024, 'SUV', '35000', '43 / 41', '181 hp', '2.0L Hybrid I4', 'Continuously variable transmission (CVT)', 3400, 7.5),
	(41, 'Mercedes', 'E-Class', 2024, 'Sedan', '60000', '23 / 31', '255 hp', '2.0L Turbo I4', '9-speed automatic', 4000, 8),
	(42, 'Mercedes', 'GLE 350', 2024, 'SUV', '66000', '21 / 27', '255 hp', '2.0L Turbo I4', '9-speed automatic', 4900, 7.7),
	(43, 'Mercedes', 'C-Class', 2024, 'Sedan', '45000', '24 / 33', '255 hp', '2.0L Turbo I4', '9-speed automatic', 3800, 7.8),
	(44, 'Mercedes', 'S-Class', 2024, 'Sedan', '115000', '19 / 27', '429 hp', '3.0L Turbo I6', '9-speed automatic', 5000, 8.2),
	(45, 'Mercedes', 'EQB 300', 2024, 'SUV (Electric)', '55000', '97 / 220', '288 hp', 'Electric', 'Single-speed automatic', 4500, 7.5),
	(46, 'Toyota', 'Camry', 2024, 'Sedan', '30000', '28 / 39', '203 hp', '2.5L I4', 'Continuously variable transmission (CVT)', 3300, 7.7),
	(47, 'Toyota', 'RAV4', 2024, 'SUV', '34000', '27 / 35', '203 hp', '2.5L I4', '8-speed automatic, Continuously variable transmission (CVT)', 3600, 8.1),
	(48, 'Toyota', 'Corolla', 2024, 'Sedan', '25000', '31 / 40', '169 hp', '2.0L I4', 'Continuously variable transmission (CVT)', 2900, 7.5),
	(49, 'Toyota', 'Highlander', 2024, 'SUV', '37000', '21 / 29', '265 hp', '3.5L V6', '8-speed automatic', 4500, 7.7),
	(50, 'Toyota', 'Tacoma', 2024, 'Truck', '35000', '20 / 23', '278 hp', '3.5L V6', '6-speed manual, 6-speed automatic', 4200, 7),
	(51, 'Genesis', 'G80', 2024, 'Sedan', '60000', '22 / 30', '375 hp', '3.5L V6', '8-speed automatic', 4300, 8),
	(52, 'Genesis', 'GV70', 2024, 'SUV', '55000', '22 / 28', '300 hp', '2.5L Turbo I4', '8-speed automatic', 4200, 8),
	(53, 'Genesis', 'GV80', 2024, 'SUV', '60000', '21 / 27', '375 hp', '3.5L V6', '8-speed automatic', 4800, 8.1),
	(54, 'Genesis', 'G70', 2024, 'Sedan', '45000', '22 / 30', '365 hp', '3.3L Turbo V6', '8-speed automatic', 3600, 8),
	(55, 'Hyundai', 'Sonata', 2024, 'Sedan', '28000', '28 / 38', '191 hp', '2.5L I4', '8-speed automatic', 3400, 8.1),
	(56, 'Hyundai', 'Tucson', 2024, 'SUV', '32000', '25 / 32', '187 hp', '2.5L I4', '8-speed automatic', 3600, 8.2),
	(57, 'Hyundai', 'Palisade', 2024, 'SUV', '40000', '19 / 26', '291 hp', '3.8L V6', '8-speed automatic', 4600, 8),
	(58, 'Hyundai', 'Kona', 2024, 'SUV', '25000', '30 / 35', '190 hp', '2.0L I4', '7-speed dual-clutch automatic, Continuously variable transmission (CVT)', 3400, 7.7),
	(59, 'Infiniti', 'QX60', 2024, 'SUV', '57000', '20 / 26', '295 hp', '3.5L V6', 'Continuously variable transmission (CVT)', 4500, 7.5),
	(60, 'Infiniti', 'Q50', 2024, 'Sedan', '42000', '20 / 29', '300 hp', '3.0L Turbo V6', '7-speed automatic', 3700, 7.2),
	(61, 'Infiniti', 'QX80', 2024, 'SUV', '70000', '14 / 20', '400 hp', '5.6L V8', '7-speed automatic', 5500, 7),
	(62, 'Infiniti', 'QX55', 2024, 'SUV', '50000', '22 / 27', '268 hp', '2.0L Turbo I4', 'Continuously variable transmission (CVT)', 4400, 7),
	(63, 'Land Rover', 'Range Rover', 2024, 'SUV', '92000', '19 / 27', '395 hp', '3.0L Turbo I6', '8-speed automatic', 5000, 8),
	(64, 'Land Rover', 'Defender', 2024, 'SUV', '60000', '18 / 22', '296 hp', '2.0L Turbo I4', '8-speed automatic', 5200, 8),
	(65, 'Land Rover', 'Discovery', 2024, 'SUV', '60000', '18 / 23', '296 hp', '2.0L Turbo I4', '8-speed automatic', 5000, 7.5),
	(66, 'Land Rover', 'Velar', 2024, 'SUV', '65000', '20 / 27', '247 hp', '2.0L Turbo I4', '8-speed automatic', 4700, 7.4),
	(67, 'Mazda', 'CX-5', 2024, 'SUV', '33000', '24 / 30', '250 hp', '2.5L I4', '6-speed automatic', 3800, 8),
	(68, 'Mazda', 'Mazda3', 2024, 'Sedan', '28000', '26 / 36', '186 hp', '2.5L I4', '6-speed automatic', 3200, 8),
	(69, 'Mazda', 'MX-5 Miata', 2024, 'Convertible', '35000', '26 / 35', '181 hp', '2.0L I4', '6-speed manual', 2400, 8.2),
	(70, 'Mazda', 'CX-9', 2024, 'SUV', '38000', '20 / 26', '250 hp', '2.5L Turbo I4', '6-speed automatic', 4300, 7.9),
	(71, 'Nissan', 'Altima', 2024, 'Sedan', '30000', '28 / 39', '188 hp', '2.0L I4', 'Continuously variable transmission (CVT)', 3300, 7.4),
	(72, 'Nissan', 'Rogue', 2024, 'SUV', '35000', '26 / 34', '201 hp', '2.5L I4', 'Continuously variable transmission (CVT)', 3800, 7.8),
	(73, 'Nissan', 'Maxima', 2024, 'Sedan', '36000', '20 / 30', '300 hp', '3.5L V6', 'Continuously variable transmission (CVT)', 3800, 7),
	(74, 'Nissan', 'Titan', 2024, 'Truck', '45000', '15 / 21', '400 hp', '5.6L V8', '9-speed automatic', 5700, 7.5),
	(75, 'Porsche', 'Macan', 2024, 'SUV', '60000', '19 / 25', '265 hp', '2.0L Turbo I4', '7-speed dual-clutch automatic', 4200, 8.1),
	(76, 'Porsche', '911', 2024, 'Coupe', '106000', '20 / 27', '379 hp', '3.0L Turbo I6', '8-speed dual-clutch automatic, 7-speed manual', 3300, 8.8),
	(77, 'Porsche', 'Cayenne', 2024, 'SUV', '75000', '19 / 23', '335 hp', '3.0L Turbo V6', '8-speed automatic', 4800, 8.3),
	(78, 'Porsche', 'Panamera', 2024, 'Sedan', '90000', '18 / 24', '325 hp', '2.9L Turbo V6', '8-speed dual-clutch automatic', 4400, 8),
	(79, 'Subaru', 'Outback', 2024, 'SUV', '33000', '26 / 33', '182 hp', '2.5L I4', 'Continuously variable transmission (CVT)', 3800, 8),
	(80, 'Subaru', 'Legacy', 2024, 'Sedan', '29000', '27 / 35', '182 hp', '2.5L I4', 'Continuously variable transmission (CVT)', 3400, 7.8),
	(81, 'Subaru', 'Ascent', 2024, 'SUV', '35000', '21 / 27', '260 hp', '2.4L Turbo I4', 'Continuously variable transmission (CVT)', 4600, 7.8),
	(82, 'Subaru', 'Crosstrek', 2024, 'SUV', '30000', '28 / 33', '152 hp', '2.0L I4', 'Continuously variable transmission (CVT)', 3200, 8),
	(83, 'Volkswagen', 'Atlas', 2024, 'SUV', '36000', '21 / 25', '276 hp', '3.6L V6', '8-speed automatic', 4500, 7.7),
	(84, 'Volkswagen', 'Golf', 2024, 'Hatchback', '31000', '29 / 39', '168 hp', '2.0L Turbo I4', '6-speed manual, 7-speed dual-clutch automatic', 3000, 8),
	(85, 'Volkswagen', 'Jetta', 2024, 'Sedan', '28000', '30 / 40', '158 hp', '1.5L Turbo I4', '8-speed automatic', 3100, 7.8),
	(86, 'Volkswagen', 'ID.4', 2024, 'SUV (Electric)', '41600', '100 / 250', '201 hp', 'Electric', 'Single-speed automatic', 4600, 7.7);


INSERT INTO User(user_ID, name, password) VALUES
	(1, 'Anh Huynh', '3I1cODzH3UFJEqqGL7KTXQKS'),
	(2, 'Anna Anderson', 'LhCVz2k73OUx3J39iI3fW6m0'),
	(3, 'Anthony Stewart', 'hmh9peZIAMrjy'),
	(4, 'Bao Ngo', 'E4uIF9OSYqkQNZgWvmEp'),
	(5, 'Barbara Clark', 'd3K0gHZgCsN1D3OJc'),
	(6, 'Betty Lewis', 'OB2rgLzbj3eFOodqLh77'),
	(7, 'Charles Garcia', 'mwQ7vXCrZcBEiXi5u'),
	(8, 'Christopher Young', '66IszVbLpnelGM72E'),
	(9, 'Daniel Lee', '6o7es7I6KYYGWjrW9oOYSC'),
	(10, 'David Brown', 'MHiiHB08MthF7QDYm6K'),
	(11, 'Emily Johnson', 'BTX4peY4YsGo4k'),
	(12, 'Hoang Le', '9VptLAAGSpOgWsJoicO'),
	(13, 'James Taylor', 'NQysLGJ9pqmGF3Iph'),
	(14, 'Jane Doe', '24znkThSHeCJI'),
	(15, 'Jason Parker', 'Hyk9oKEPlUfTzev6YGgg'),
	(16, 'Jessica Collins', 'krJFy7G6braI704IN9y'),
	(17, 'Jia Yang', 'R558Qsv0J8k5xUvZM'),
	(18, 'John Smith', 'gRGw7Bck1aGX8YFCn8c30A'),
	(19, 'Joseph Robinson', 'slMN67oN1Iq0ijxx769S'),
	(20, 'Justin Morris', 'L34lQH45Jvss4'),
	(21, 'Karen Thompson', '7WrXoal6A01a4XZK8QAB'),
	(22, 'Laura Moore', 'AV70M8DjNXWxJcU'),
	(23, 'Linda Harris', 'cjwoPgyGfM1CUIMGk8n2'),
	(24, 'Linh Nguyen', 'VOyFmMDMghpXSsIUM11CZ'),
	(25, 'Lisa Walker', 'NUsbRQHecpqFHNbQBogtslx'),
	(26, 'Mai Truong', 'HERhnvKSoyjOKB6vJVGdS3LF'),
	(27, 'Matthew Hall', 'h3aBnZDRBi2B9QJ'),
	(28, 'Megan Rogers', 'QiE33giH771IC'),
	(29, 'Melissa Evans', '1DBEKDE8nyz4AKOgQZy'),
	(30, 'Michael White', 'Qws5w9qdmMAOVC8Se'),
	(31, 'Mike Jones', 'Vkk1yPJZ6nX12APKQ4TPly'),
	(32, 'Minato Ito', '6QpZovJ4m0ymL'),
	(33, 'Ming Wang', 'MxxDJb9P2f8NeK6x'),
	(34, 'Nancy Martinez', 'B9kREPLzNlVtUyKAL4G1KC'),
	(35, 'Nguyen Tran', 'yKF4sPxR8lAqYJEM'),
	(36, 'Patricia Allen', 'OW4jf7R5XYaNRkVAOFKGrpoN'),
	(37, 'Paul Edwards', 'IgRf3eczS7NzvTlN06d7'),
	(38, 'Rebecca Sanchez', '9JFe9fTP0eOgdfuqQi1nJJMt'),
	(39, 'Richard Thomas', 'c39t4iyGf6sOb8BKjF6Zj'),
	(40, 'Robert Wilson', 'TcgVXtlPzabk31g8xV'),
	(41, 'Sarah Miller', '1YDh0lTyIPiJJAYIwYL'),
	(42, 'Son Do', 'ronrjm62mF06GBpp'),
	(43, 'Susan Jackson', 'fzWYkV77zkdqR3VXjRt'),
	(44, 'Thao Pham', 'YQ5IOQlKmdvUGuWb'),
	(45, 'Thomas Rodriguez', '1kEQNZ1dTy9yunEsEywzA4'),
	(46, 'Thuy Lam', '12znJSOcJkmC'),
	(47, 'Tuan Vo', 'Eqb3vCNlk5WL'),
	(48, 'Wei Chen', 'IpHkGpSSY98QyYQXIY38gIQX'),
	(49, 'William Martin', 'RzZBiZvVidy6k0mLe'),
	(50, 'Xiao Li', '9scap6F2x7JEnW');


INSERT INTO Saved_Car (user_ID, car_ID) VALUES
	(1, 5),
	(1, 13),
	(1, 22),
	(1, 33),
	(1, 45),
	(2, 1),
	(2, 14),
	(2, 27),
	(2, 31),
	(4, 7),
	(4, 16),
	(4, 37),
	(4, 42),
	(5, 3),
	(5, 8),
	(5, 19),
	(6, 6),
	(6, 9),
	(6, 12),
	(8, 13),
	(8, 46),
	(8, 80),
	(9, 10),
	(9, 26),
	(9, 34),
	(9, 38),
	(9, 49),
	(10, 11),
	(10, 21),
	(10, 46),
	(10, 60),
	(11, 65),
	(12, 4),
	(12, 19),
	(12, 27),
	(12, 52),
	(13, 11),
	(13, 34),
	(13, 39),
	(14, 5),
	(14, 22),
	(14, 31),
	(14, 51),
	(14, 63),
	(15, 34),
	(16, 56),
	(16, 38),
	(17, 6),
	(17, 16),
	(17, 43),
	(17, 55),
	(18, 23),
	(18, 29),
	(18, 77),
	(19, 3),
	(19, 12),
	(19, 27),
	(19, 38),
	(20, 26),
	(20, 32),
	(20, 43),
	(21, 81),
	(23, 25),
	(23, 44),
	(23, 52),
	(24, 6),
	(24, 19),
	(25, 5),
	(25, 12),
	(25, 21),
	(26, 2),
	(26, 15),
	(26, 37),
	(26, 45),
	(27, 43),
	(28, 7),
	(28, 8),
	(28, 11),
	(28, 13),
	(28, 22),
	(30, 53),
	(31, 76),
	(31, 48),
	(32, 20),
	(32, 24),
	(32, 36),
	(34, 65),
	(35, 23),
	(35, 34),
	(35, 49),
	(36, 4),
	(36, 17),
	(36, 20),
	(36, 32),
	(36, 54),
	(37, 21),
	(37, 44),
	(38, 57),
	(38, 58),
	(39, 8),
	(39, 14),
	(39, 31),
	(41, 10),
	(41, 20),
	(41, 24),
	(42, 9),
	(43, 3),
	(43, 7),
	(44, 11),
	(44, 85),
	(46, 26),
	(46, 32),
	(46, 43),
	(47, 53),
	(47, 82),
	(48, 10),
	(48, 19),
	(48, 24),
	(50, 86),
	(50, 29);

INSERT INTO Review(review_ID, car_ID, user_ID, content) VALUES
	(2, 28, 20, 'Sporty design, excellent fuel economy, and tech-savvy interior. A top choice for compact car lovers.'),
	(3, 59, 35, 'Tough and capable, with impressive towing and payload capacities. Ideal for work and play.'),
	(4, 28, 15, 'Strong performance, spacious cabin, and modern tech make it a great option.'),
	(5, 53, 50, 'Reliable, spacious, and family-friendly. A leading option.'),
	(6, 58, 15, 'Luxurious, sporty, and refined. Perfect blend of performance and comfort.'),
	(7, 71, 40, 'Elegant design, advanced tech, and smooth ride. A premium choice.'),
	(8, 80, 15, 'High-quality interior, powerful engine options, and sophisticated styling.'),
	(9, 19, 14, 'Stylish, efficient, and packed with features. A great value.'),
	(10, 58, 38, 'Affordable, comfortable, and loaded with safety features. A solid choice.'),
	(11, 33, 39, 'Sporty handling, upscale interior, and advanced safety features.'),
	(12, 47, 37, 'Spacious, efficient, and reliable. A favorite among many.'),
	(13, 46, 26, 'Versatile, fuel-efficient, and equipped with advanced safety tech. Ideal for families.'),
	(14, 81, 2, 'All-wheel drive, rugged design, and ample cargo space. Perfect for adventure seekers.'),
	(15, 47, 30, 'Off-road capable, luxurious, and powerful. A versatile option.'),
	(16, 71, 26, 'Efficient, spacious, and tech-filled. A great compact choice.'),
	(17, 41, 3, 'Comfortable, roomy, and user-friendly tech. A practical option.'),
	(18, 4, 38, 'Comfortable ride, good fuel economy, and spacious interior. A solid choice.'),
	(19, 39, 33, 'Stylish, spacious, and tech-savvy. A standout in its segment.'),
	(20, 30, 14, 'Luxurious, smooth, and reliable. A top choice for luxury seekers.'),
	(21, 71, 33, 'Sporty, spacious, and feature-rich. A great luxury option.'),
	(22, 8, 43, 'Elegant, spacious, and advanced safety features. A solid choice.'),
	(23, 22, 30, 'Powerful, luxurious, and tech-packed. A leading option.'),
	(24, 35, 3, 'Stylish, high-tech, and comfortable. A premium choice.'),
	(25, 42, 27, 'Luxurious, powerful, and spacious. A top-tier option.'),
	(26, 78, 50, 'Affordable, efficient, and packed with features. A strong choice.'),
	(27, 84, 26, 'Stylish, practical, and loaded with tech. A great value option.'),
	(28, 36, 40, 'Stylish, fun to drive, and spacious. A top choice.'),
	(29, 86, 15, 'Electric with quick acceleration, long range, and cutting-edge tech. Leading the EV market.'),
	(30, 22, 39, 'Spacious, comfortable, and well-equipped. A great choice for families.'),
	(31, 31, 35, 'Spacious, tech-filled, and smooth ride. A top choice.'),
	(32, 5, 3, 'Versatile, powerful, and tech-savvy. A great option.'),
	(33, 16, 15, 'Iconic design, off-road capable, and fun. Perfect for adventure.'),
	(34, 36, 35, 'All-wheel drive, spacious, and safe. A great choice.'),
	(35, 32, 38, 'Spacious, comfortable, and modern tech. A solid option.'),
	(36, 68, 50, 'Luxurious, efficient, and compact. A great luxury choice.'),
	(37, 27, 27, 'Luxurious, spacious, and advanced tech. A premium choice.'),
	(38, 18, 3, 'Sporty, luxurious, and tech-savvy. A standout option.'),
	(39, 56, 46, 'Stylish, luxurious, and powerful. A top choice.'),
	(40, 62, 49, 'Sporty, tech-filled, and spacious. A great compact choice.'),
	(41, 46, 14, 'Elegant, powerful, and high-tech. A solid choice.'),
	(42, 22, 14, 'Electric, spacious, and high-tech. Leading the market.'),
	(43, 67, 35, 'Powerful, luxurious, and sporty. A top luxury choice.'),
	(44, 32, 14, 'Luxurious, off-road capable, and powerful. A premium choice.'),
	(45, 35, 20, 'Sporty, stylish, and powerful. A standout option.'),
	(46, 82, 33, 'Safe, luxurious, and spacious. A top choice.'),
	(47, 3, 1, 'Sporty, stylish, and powerful. A unique choice.'),
	(48, 43, 43, 'Luxurious, spacious, and high-tech. A solid choice.'),
	(49, 61, 50, 'Luxurious, powerful, and spacious. A premium choice.'),
	(50, 81, 46, 'Spacious, comfortable, and feature-rich. A great option.'),
	(51, 15, 27, 'Spacious, powerful, and tech-savvy. A solid choice.'),
	(52, 50, 26, 'Stylish, powerful, and tech-filled. A great option.'),
	(53, 64, 50, 'Spacious, luxurious, and feature-rich. A top choice.'),
	(54, 18, 37, 'Stylish, spacious, and well-equipped. A leading choice.'),
	(55, 72, 14, 'Fun to drive, stylish, and affordable. A top choice.'),
	(56, 20, 15, 'Iconic, powerful, and fun. A leading choice.'),
	(57, 65, 40, 'Powerful, stylish, and fun to drive. A great option.'),
	(58, 83, 1, 'Retro design, powerful engines, and spacious. A unique choice.'),
	(59, 22, 15, 'Sporty, luxurious, and fun. A top choice.'),
	(60, 39, 20, 'Iconic, powerful, and luxurious. A top-tier choice.'),
	(61, 41, 38, 'Stylish, sporty, and tech-filled. A great option.'),
	(62, 84, 37, 'Powerful, high-tech, and thrilling. A top performance choice.');


INSERT INTO Review_Like(review_ID, user_ID) VALUES
	(2, 14),
	(2, 30),
	(3, 33),
	(3, 2),
	(3, 3),
	(4, 26),
	(4, 35),
	(4, 15),
	(5, 15),
	(5, 46),
	(5, 50),
	(6, 40),
	(6, 39),
	(6, 1),
	(8, 20),
	(8, 33),
	(9, 35),
	(9, 1),
	(9, 50),
	(10, 38),
	(10, 46),
	(10, 2),
	(11, 15),
	(11, 33),
	(12, 40),
	(12, 1),
	(12, 27),
	(13, 38),
	(13, 50),
	(13, 20),
	(14, 49),
	(14, 46),
	(14, 27),
	(15, 1),
	(15, 2),
	(15, 38),
	(16, 35),
	(16, 37),
	(16, 50),
	(17, 43),
	(17, 39),
	(18, 46),
	(18, 15),
	(18, 30),
	(19, 33),
	(19, 1),
	(19, 3),
	(20, 38),
	(21, 49),
	(21, 20),
	(21, 50),
	(22, 50),
	(22, 30),
	(22, 35),
	(23, 15),
	(23, 37),
	(23, 43),
	(24, 46),
	(24, 3),
	(24, 1),
	(25, 43),
	(25, 2),
	(25, 20),
	(26, 14),
	(26, 33),
	(26, 35),
	(27, 50),
	(27, 27),
	(27, 30),
	(28, 38),
	(28, 1),
	(28, 2),
	(29, 38),
	(29, 1),
	(29, 2),
	(30, 2),
	(30, 30),
	(30, 43),
	(31, 49),
	(31, 14),
	(31, 35),
	(32, 46),
	(32, 40),
	(32, 50),
	(33, 33),
	(33, 3),
	(33, 1),
	(34, 15),
	(34, 27),
	(34, 37),
	(35, 38),
	(35, 30),
	(35, 2),
	(36, 46),
	(36, 35),
	(36, 14),
	(37, 40),
	(37, 1),
	(37, 43),
	(38, 27),
	(38, 30),
	(38, 20),
	(39, 2),
	(39, 14),
	(39, 35),
	(40, 49),
	(40, 46),
	(40, 1),
	(41, 38),
	(41, 15),
	(41, 40),
	(42, 37),
	(42, 3),
	(42, 27),
	(43, 50),
	(43, 33),
	(43, 20),
	(44, 46),
	(44, 30),
	(44, 2),
	(45, 43),
	(45, 14),
	(45, 49),
	(46, 3),
	(46, 37),
	(46, 38),
	(47, 40),
	(47, 50),
	(48, 30),
	(49, 35),
	(49, 33),
	(49, 15),
	(50, 20),
	(50, 2),
	(50, 43),
	(51, 27),
	(51, 14),
	(51, 38),
	(52, 3),
	(52, 49),
	(52, 46),
	(53, 33),
	(53, 30),
	(53, 37),
	(54, 15),
	(54, 2),
	(54, 20),
	(55, 50),
	(55, 1),
	(55, 43),
	(56, 27),
	(56, 3),
	(56, 14),
	(57, 46),
	(57, 35),
	(57, 49),
	(58, 30),
	(58, 38),
	(58, 40);

INSERT INTO Review_Dislike(review_ID, user_ID) VALUES
	(2, 50),
	(2, 27),
	(2, 2),
	(3, 35),
	(3, 20),
	(5, 38),
	(5, 49),
	(6, 30),
	(6, 3),
	(8, 3),
	(8, 15),
	(8, 26),
	(9, 43),
	(9, 33),
	(10, 27),
	(10, 50),
	(11, 40),
	(11, 14),
	(12, 46),
	(12, 20),
	(14, 38),
	(14, 30),
	(15, 49),
	(15, 33),
	(16, 27),
	(16, 3),
	(17, 15),
	(17, 14),
	(18, 43),
	(18, 35),
	(19, 20),
	(19, 2),
	(20, 3),
	(21, 38),
	(21, 46),
	(22, 49),
	(23, 33),
	(24, 14),
	(25, 49),
	(26, 37),
	(27, 1),
	(28, 2),
	(29, 33),
	(31, 1),
	(32, 14),
	(34, 15),
	(35, 46),
	(36, 27),
	(37, 49),
	(38, 33),
	(39, 50),
	(40, 35),
	(41, 46),
	(43, 20),
	(44, 2),
	(45, 43),
	(46, 40),
	(47, 14),
	(48, 35),
	(50, 27),
	(51, 1),
	(52, 38),
	(53, 49),
	(54, 33),
	(55, 35),
	(57, 3),
	(58, 14),
	(59, 2),
	(60, 20),
	(62, 33);

INSERT INTO Comments(comment_ID, review_ID, user_ID, textualContent) VALUES
	(1, 31, 31, 'Great review! Your insights on the fuel efficiency are spot on.'),
	(2, 56, 35, 'I disagree about the handling; I found it quite nimble on the twisty roads.'),
	(3, 18, 40, 'Could you elaborate more on the interior space? I have a growing family and that’s a big concern for me.'),
	(4, 61, 24, 'Love the detailed breakdown of the tech features. Very helpful!'),
	(5, 33, 46, 'Thanks for mentioning the cargo space. I was worried it might be too cramped for my needs.'),
	(6, 55, 30, 'The ride comfort sounds fantastic. I’ve been looking for something that handles long trips well.'),
	(7, 52, 42, 'I’m curious about the safety features you didn’t cover. Are there any advanced driver-assist systems?'),
	(8, 26, 19, 'The review is great, but I wish you had talked more about the maintenance costs.'),
	(9, 15, 2, 'I’ve heard mixed things about the reliability. Did you experience any issues?'),
	(10, 2, 14, 'Your review on the fuel economy was insightful. How does it compare with similar models?'),
	(11, 32, 32, 'How does this car perform in snow and adverse weather conditions?'),
	(12, 28, 11, 'Can you provide more details about the warranty coverage?'),
	(13, 47, 29, 'The infotainment system sounds impressive. How intuitive is it to use while driving?'),
	(14, 11, 49, 'I’m concerned about the noise level in the cabin. Any thoughts on that?'),
	(15, 61, 50, 'Thanks for highlighting the pros and cons. Very balanced review!'),
	(16, 13, 46, 'Do you think this car offers good value for the price?'),
	(17, 38, 7, 'How’s the visibility from the driver’s seat? I’ve had issues with other cars in the past.'),
	(18, 37, 10, 'I love the style of the car, but is the ride as smooth as you make it sound?'),
	(19, 4, 45, 'Great job on the review, but I would have liked to see a comparison with the previous model.'),
	(20, 16, 19, 'What about the comfort of the rear seats? I often have passengers in the back.'),
	(21, 40, 37, 'Could you discuss the driving dynamics a bit more? I’m interested in how it feels on the highway.'),
	(22, 53, 5, 'The fuel tank size sounds like it might be a bit small. How often would you need to refuel?'),
	(23, 12, 4, 'What’s the trunk space like with the seats down?'),
	(24, 60, 1, 'Is there an option for a manual transmission or is it all automatic?'),
	(25, 20, 37, 'How does this model handle off-road conditions?'),
	(26, 10, 33, 'I’m interested in the long-term reliability. Do you have any info on that?'),
	(27, 42, 41, 'Can you speak more about the driving assist features?'),
	(28, 41, 23, 'The design is sleek, but how’s the overall build quality?'),
	(29, 7, 18, 'I’m considering this car for towing. How well does it handle a trailer?'),
	(30, 25, 40, 'What’s the visibility like with the current camera and sensor system?'),
	(31, 13, 12, 'Is there an option for a sunroof or panoramic roof?'),
	(32, 39, 23, 'How’s the noise insulation compared to other cars in its class?'),
	(33, 23, 10, 'Could you go over the available trims and which one offers the best value?'),
	(34, 17, 32, 'I’m looking for a car with a high safety rating. How does this model fare?'),
	(35, 5, 40, 'The technology seems advanced, but are there any user-friendly features for everyday driving?'),
	(36, 35, 26, 'How comfortable are the seats on long drives?'),
	(37, 54, 18, 'What’s the average insurance cost for this vehicle?'),
	(38, 58, 26, 'Can you provide more details on the driving modes and their impact on performance?'),
	(39, 46, 36, 'How easy is it to find replacement parts and service for this car?'),
	(40, 34, 41, 'The performance sounds impressive. How does it handle steep hills and inclines?'),
	(41, 45, 42, 'I’d love to see a comparison with similar vehicles from other brands.'),
	(42, 36, 28, 'How does the car perform in city driving versus highway driving?'),
	(43, 21, 37, 'What’s the availability of electric or hybrid versions of this model?');



INSERT INTO Comment_Like(comment_ID, user_ID) VALUES
	(1, 3),
	(2, 4),
	(3, 7),
	(4, 5),
	(6, 2),
	(7, 6),
	(8, 10),
	(9, 10),
	(10, 1),
	(11, 8),
	(12, 1),
	(13, 15),
	(14, 2),
	(15, 5),
	(16, 9),
	(17, 4),
	(18, 10),
	(19, 23),
	(20, 37),
	(21, 1),
	(22, 11),
	(23, 7),
	(24, 13),
	(25, 33),
	(26, 5),
	(27, 34),
	(28, 32),
	(29, 1),
	(30, 24),
	(31, 14),
	(32, 39),
	(33, 1),
	(34, 13),
	(35, 10),
	(36, 17),
	(37, 18),
	(38, 2),
	(39, 12),
	(40, 21),
	(41, 41),
	(42, 5),
	(43, 3);

INSERT INTO Comment_Dislike(comment_ID, user_ID) VALUES
	(1, 2),
	(2, 3),
	(3, 4),
	(4, 9),
	(6, 3),
	(7, 4),
	(8, 11),
	(9, 1),
	(10, 5),
	(11, 1),
	(12, 14),
	(13, 6),
	(14, 5),
	(15, 4),
	(16, 1),
	(17, 13),
	(18, 8),
	(19, 35),
	(20, 4),
	(21, 12),
	(22, 3),
	(23, 5),
	(24, 3),
	(25, 12),
	(26, 12),
	(27, 7),
	(28, 2),
	(29, 5),
	(30, 9),
	(31, 6),
	(32, 12),
	(33, 8),
	(34, 25),
	(35, 9),
	(36, 13),
	(37, 20),
	(38, 1),
	(39, 8),
	(40, 10),
	(41, 16),
	(42, 1),
	(43, 11);

INSERT INTO Photo(photo_ID, image_path) VALUES
	(1, 'src/assets/images/default.jpg'),
	(2, 'src/assets/images/default.jpg'),
	(3, 'src/assets/images/default.jpg'),
	(4, 'src/assets/images/default.jpg'),
	(5, 'src/assets/images/default.jpg'),
	(6, 'src/assets/images/2024_Audi_Q5.jpg'),
	(7, 'src/assets/images/2024_Audi_A6.jpg'),
	(8, 'src/assets/images/default.jpg'),
	(9, 'src/assets/images/default.jpg'),
	(10, 'src/assets/images/default.jpg'),
	(11, 'src/assets/images/2024_BMW_X5.avif'),
	(12, 'src/assets/images/default.jpg'),
	(13, 'src/assets/images/default.jpg'),
	(14, 'src/assets/images/default.jpg'),
	(15, 'src/assets/images/default.jpg'),
	(16, 'src/assets/images/default.jpg'),
	(17, 'src/assets/images/default.jpg'),
	(18, 'src/assets/images/default.jpg'),
	(19, 'src/assets/images/default.jpg'),
	(20, 'src/assets/images/default.jpg'),
	(21, 'src/assets/images/2024_Ford_F150.jpeg'),
	(22, 'src/assets/images/2024_Ford_Mustang.jpg'),
	(23, 'src/assets/images/default.jpg'),
	(24, 'src/assets/images/default.jpg'),
	(25, 'src/assets/images/default.jpg'),
	(26, 'src/assets/images/2024_Honda_Accord.png'),
	(27, 'src/assets/images/2024_Honda_CRV.jpg'),
	(28, 'src/assets/images/2024_Honda_Civic.jpeg'),
	(29, 'src/assets/images/default.jpg'),
	(30, 'src/assets/images/default.jpg'),
	(31, 'src/assets/images/default.jpg'),
	(32, 'src/assets/images/default.jpg'),
	(33, 'src/assets/images/default.jpg'),
	(34, 'src/assets/images/default.jpg'),
	(35, 'src/assets/images/default.jpg'),
	(36, 'src/assets/images/2024_Lexus_RX350.avif'),
	(37, 'src/assets/images/default.jpg'),
	(38, 'src/assets/images/default.jpg'),
	(39, 'src/assets/images/default.jpg'),
	(40, 'src/assets/images/default.jpg'),
	(41, 'src/assets/images-/2024_Mercedes_EClass.webp'),
	(42, 'src/assets/images/default.jpg'),
	(43, 'src/assets/images/default.jpg'),
	(44, 'src/assets/images/default.jpg'),
	(45, 'src/assets/images/default.jpg'),
	(46, 'src/assets/images/2024_Toyota_Camry.avif'),
	(47, 'src/assets/images/2024_Toyota_Rav4.webp'),
	(48, 'src/assets/images/2024_Toyota_Corolla.avif'),
	(49, 'src/assets/images/default.jpg'),
	(50, 'src/assets/images/default.jpg'),
	(51, 'src/assets/images/default.jpg'),
	(52, 'src/assets/images/2024_Genesis_GV70.webp'),
	(53, 'src/assets/images/default.jpg'),
	(54, 'src/assets/images/default.jpg'),
	(55, 'src/assets/images/default.jpg'),
	(56, 'src/assets/images/default.jpg'),
	(57, 'src/assets/images/2024_Hyundai_Palisade.webp'),
	(58, 'src/assets/images/default.jpg'),
	(59, 'src/assets/images/default.jpg'),
	(60, 'src/assets/images/default.jpg'),
	(61, 'src/assets/images/default.jpg'),
	(62, 'src/assets/images/default.jpg'),
	(63, 'src/assets/images/2024_LandRover_RangeRover.jpg'),
	(64, 'src/assets/images/default.jpg'),
	(65, 'src/assets/images/default.jpg'),
	(66, 'src/assets/images/default.jpg'),
	(67, 'src/assets/images/2024_Mazda_CX5.jpg'),
	(68, 'src/assets/images/default.jpg'),
	(69, 'src/assets/images/default.jpg'),
	(70, 'src/assets/images/default.jpg'),
	(71, 'src/assets/images/default.jpg'),
	(72, 'src/assets/images/2024_Nissan_Rogue.webp'),
	(73, 'src/assets/images/default.jpg'),
	(74, 'src/assets/images/default.jpg'),
	(75, 'src/assets/images/default.jpg'),
	(76, 'src/assets/images/2024_Porsche_911.jpg'),
	(77, 'src/assets/images/default.jpg'),
	(78, 'src/assets/images/default.jpg'),
	(79, 'src/assets/images/2024_Subaru_Outback.jpg'),
	(80, 'src/assets/images/default.jpg'),
	(81, 'src/assets/images/default.jpg'),
	(82, 'src/assets/images/default.jpg'),
	(83, 'src/assets/images/default.jpg'),
	(84, 'src/assets/images/default.jpg'),
	(85, 'src/assets/images/default.jpg'),
	(86, 'src/assets/images/default.jpg');

INSERT INTO Car_Has_Photo(photo_ID, car_ID) VALUES
	(1, 1),
	(2, 2),
	(3, 3),
	(4, 4),
	(5, 5),
	(6, 6),
	(7, 7),
	(8, 8),
	(9, 9),
	(10, 10),
	(11, 11),
	(12, 12),
	(13, 13),
	(14, 14),
	(15, 15),
	(16, 16),
	(17, 17),
	(18, 18),
	(19, 19),
	(20, 20),
	(21, 21),
	(22, 22),
	(23, 23),
	(24, 24),
	(25, 25),
	(26, 26),
	(27, 27),
	(28, 28),
	(29, 29),
	(30, 30),
	(31, 31),
	(32, 32),
	(33, 33),
	(34, 34),
	(35, 35),
	(36, 36),
	(37, 37),
	(38, 38),
	(39, 39),
	(40, 40),
	(41, 41),
	(42, 42),
	(43, 43),
	(44, 44),
	(45, 45),
	(46, 46),
	(47, 47),
	(48, 48),
	(49, 49),
	(50, 50),
	(51, 51),
	(52, 52),
	(53, 53),
	(54, 54),
	(55, 55),
	(56, 56),
	(57, 57),
	(58, 58),
	(59, 59),
	(60, 60),
	(61, 61),
	(62, 62),
	(63, 63),
	(64, 64),
	(65, 65),
	(66, 66),
	(67, 67),
	(68, 68),
	(69, 69),
	(70, 70),
	(71, 71),
	(72, 72),
	(73, 73),
	(74, 74),
	(75, 75),
	(76, 76),
	(77, 77),
	(78, 78),
	(79, 79),
	(80, 80),
	(81, 81),
	(82, 82),
	(83, 83),
	(84, 84),
	(85, 85),
	(86, 86);