CREATE DATABASE cardatabase;
USE cardatabase;

CREATE TABLE Members (
	memberID VARCHAR(5) PRIMARY KEY,
	email VARCHAR(50) NOT NULL UNIQUE,
	phone VARCHAR(20) NOT NULL UNIQUE
);

CREATE TABLE Car (
	carID VARCHAR(5) PRIMARY KEY,
	make VARCHAR(20) NOT NULL,
	model VARCHAR(20) NOT NULL,
	carYear INT NOT NULL,
	bodyStyle VARCHAR(20) NOT NULL,
	price VARCHAR(10),
	mpg VARCHAR(10),
	horsepower VARCHAR(10),
	engineType VARCHAR(20),
	rating DECIMAL(3,1)
);

CREATE TABLE SavedCars (
	memberID VARCHAR(5),
	carID VARCHAR(5),
    PRIMARY KEY(memberID, carID),
	FOREIGN KEY (memberID) REFERENCES Members(memberID) ON DELETE CASCADE,
    FOREIGN KEY (carID) REFERENCES Car(carID) ON DELETE CASCADE
);

CREATE TABLE Reviews (
	reviewID VARCHAR(5) PRIMARY KEY,
    carID VARCHAR(5),
    author VARCHAR(5),
    datePosted DATE NOT NULL,
	reviewContent TEXT NOT NULL,
    FOREIGN KEY (carID) REFERENCES Car(carID) ON DELETE CASCADE,
	FOREIGN KEY (author) REFERENCES Members(memberID) ON DELETE CASCADE
); 

CREATE TABLE ReviewLikes (
	reviewID VARCHAR(5),
    memberID VARCHAR(5),
    PRIMARY KEY(reviewID, memberID),
    FOREIGN KEY (reviewID) REFERENCES Reviews(reviewID) ON DELETE CASCADE,
	FOREIGN KEY (memberID) REFERENCES Members(memberID) ON DELETE CASCADE
);

CREATE TABLE ReviewDislikes (
	reviewID VARCHAR(5),
    memberID VARCHAR(5),
    PRIMARY KEY(reviewID, memberID),
    FOREIGN KEY (reviewID) REFERENCES Reviews(reviewID) ON DELETE CASCADE,
	FOREIGN KEY (memberID) REFERENCES Members(memberID) ON DELETE CASCADE
);
	

CREATE TABLE Comments (
	commentID VARCHAR(5) PRIMARY KEY,
    reviewID VARCHAR(5),
    author VARCHAR(5),
	datePosted DATE NOT NULL,
	textualContent TEXT NOT NULL,
	FOREIGN KEY (author) REFERENCES Members(memberID) ON DELETE CASCADE,
	FOREIGN KEY (reviewID) REFERENCES Reviews(reviewID) ON DELETE CASCADE
);

CREATE TABLE CommentLikes (
	commentID VARCHAR(5),
	memberID VARCHAR(5),
	PRIMARY KEY(commentID, memberID),
	FOREIGN KEY (commentID) REFERENCES Comments(commentID) ON DELETE CASCADE,
	FOREIGN KEY (memberID) REFERENCES Members(memberID) ON DELETE CASCADE
);

CREATE TABLE CommentDislikes (
	commentID VARCHAR(5),
	memberID VARCHAR(5),
	PRIMARY KEY(commentID, memberID),
	FOREIGN KEY (commentID) REFERENCES Comments(commentID) ON DELETE CASCADE,
	FOREIGN KEY (memberID) REFERENCES Members(memberID) ON DELETE CASCADE
);

CREATE TABLE Photo (
	photoID VARCHAR(5) PRIMARY KEY,
	carID VARCHAR(5),
	FOREIGN KEY (carID) REFERENCES Car(carID) ON DELETE CASCADE
);


CREATE TABLE saved_by (
	memberID VARCHAR(5),
    carID VARCHAR(5),
	PRIMARY KEY(memberID, carID),
	FOREIGN KEY (memberID) REFERENCES Members(memberID) ON DELETE CASCADE,
    FOREIGN KEY (carID) REFERENCES Car(carID) ON DELETE CASCADE
);

CREATE TABLE included_in (
    carID VARCHAR(5),
    memberID VARCHAR(5),
	PRIMARY KEY(carID, memberID),
    FOREIGN KEY (carID) REFERENCES Car(carID) ON DELETE CASCADE,
    FOREIGN KEY (memberID) REFERENCES Members(memberID) ON DELETE CASCADE
);

CREATE TABLE car_has_photo (
    carID VARCHAR(5),
    photoID VARCHAR(5),
	PRIMARY KEY(carID, photoID),
    FOREIGN KEY (carID) REFERENCES Car(carID) ON DELETE CASCADE,
    FOREIGN KEY (photoID) REFERENCES Photo(photoID) ON DELETE CASCADE
);

CREATE TABLE car_has_review (
    carID VARCHAR(5),
    reviewID VARCHAR(5),
	PRIMARY KEY(carID, reviewID),
    FOREIGN KEY (carID) REFERENCES Car(carID) ON DELETE CASCADE,
    FOREIGN KEY (reviewID) REFERENCES Reviews(reviewID) ON DELETE CASCADE
);

CREATE TABLE member_leaves_review (
	memberID VARCHAR(5),
    reviewID VARCHAR(5),
	PRIMARY KEY(memberID, reviewID),
	FOREIGN KEY (memberID) REFERENCES Members(memberID) ON DELETE CASCADE,
    FOREIGN KEY (reviewID) REFERENCES Reviews(reviewID) ON DELETE CASCADE
); 

INSERT INTO Members(memberID, email, phone) VALUES
	('U1', 'anh.huynh@hotmail.com', '(202) 555-0173'),
    ('U2', 'anna.anderson@gmail.com', '(415) 555-0129'),
    ('U3', 'anthony.stewart@yahoo.com', '(718) 555-0142'),
    ('U4', 'bao.ngo@gmail.com', '(303) 555-0187'),
	('U5', 'barbara.clark@yahoo.com', '(212) 555-0199'),
    ('U6', 'betty.lewis@gmail.com', '(818) 555-0165'),
    ('U7', 'charles.garcia@yahoo.com', '(407) 555-0108'),
    ('U8', 'christopher.young@hotmail.com', '(602) 555-0134'),
    ('U9', 'daniel.lee@yahoo.com', '(646) 555-0153'),
	('U10', 'david.brown@yahoo.com', '(310) 555-0190'),
	('U11', 'emily.johnson@gmail.com', '(213) 555-0176'),
	('U12', 'hoang.le@hotmail.com', '(619) 555-0145'),
	('U13', 'james.taylor@hotmail.com', '(917) 555-0111'),
	('U14', 'jane.doe@yahoo.com', '(408) 555-0184'),
	('U15', 'jason.parker@gmail.com', '(702) 555-0123'),
	('U16', 'jessica.collins@gmail.com', '(415) 555-0115'),
    ('U17', 'jia.yang@gmail.com', '(202) 555-0139'),
	('U18', 'john.smith@gmail.com', '(305) 555-0169'),
	('U19', 'joseph.robinson@gmail.com', '(206) 555-0198'),
	('U20', 'justin.morris@gmail.com', '(214) 555-0177'),
	('U21', 'karen.thompson@gmail.com', '(312) 555-0104'),
	('U22', 'laura.moore@yahoo.com', '(718) 555-0188'),
	('U23', 'linda.harris@yahoo.com', '(213) 555-0116'),
	('U24', 'linh.nguyen@yahoo.com', '(303) 555-0151'),
	('U25', 'lisa.walker@hotmail.com', '(818) 555-0132'),
	('U26', 'mai.truong@yahoo.com', '(646) 555-0167'),
	('U27', 'matthew.hall@gmail.com', '(407) 555-0193'),
	('U28', 'megan.rogers@yahoo.com', '(602) 555-0102'),
	('U29', 'melissa.evans@yahoo.com', '(212) 555-0158'),
	('U30', 'michael.white@gmail.com', '(310) 555-0127'),
	('U31', 'mike.jones@hotmail.com', '(415) 555-0185'),
	('U32', 'minato.ito@hotmail.com', '(619) 555-0164'),
	('U33', 'ming.wang@hotmail.com', '(303) 555-0170'),
	('U34', 'nancy.martinez@hotmail.com', '(202) 555-0146'),
	('U35', 'nguyen.tran@gmail.com', '(646) 555-0124'),
	('U36', 'patricia.allen@yahoo.com', '(917) 555-0136'),
	('U37', 'paul.edwards@hotmail.com', '(818) 555-0183'),
	('U38', 'rebecca.sanchez@hotmail.com', '(305) 555-0140'),
	('U39', 'richard.thomas@yahoo.com', '(702) 555-0119'),
	('U40', 'robert.wilson@gmail.com', '(213) 555-0159'),
	('U41', 'sarah.miller@hotmail.com', '(310) 555-0114'),
	('U42', 'son.do@hotmail.com', '(312) 555-0171'),
	('U43', 'susan.jackson@hotmail.com', '(408) 555-0143'),
	('U44', 'thao.pham@gmail.com', '(214) 555-0197'),
	('U45', 'thomas.rodriguez@hotmail.com', '(202) 555-0112'),
	('U46', 'thuy.lam@gmail.com', '(415) 555-0131'),
	('U47', 'tuan.vo@yahoo.com', '(407) 555-0120'),
	('U48', 'wei.chen@gmail.com', '(646) 555-0186'),
	('U49', 'william.martin@hotmail.com', '(818) 555-0174'),
	('U50', 'xiao.li@yahoo.com', '(303) 555-0195');

SELECT * 
FROM Members
ORDER BY CAST(SUBSTRING(memberID, 2) AS UNSIGNED);

INSERT INTO Car( carID, make, model, carYear, bodyStyle, price, mpg, horsepower, engineType, rating) VALUES
	('C1', 'Acura', 'MDX', '2024', 'SUV', '50000', '20 / 27', '290 hp', '3.5L V6', '7.8'),
	('C2', 'Acura', 'TLX', '2024', 'Sedan', '45000', '21 / 30', '272 hp', '2.0L Turbo I4', '8'),
	('C3', 'Acura', 'RDX', '2024', 'SUV', '43000', '22 / 28', '272 hp', '2.0L Turbo I4', '7.6'),
	('C4', 'Acura', 'ILX', '2024', 'Sedan', '30000', '24 / 34', '201 hp', '2.4L I4', '7.1'),
	('C5', 'Acura', 'NSX', '2024', 'Coupe', '160000', '21 / 22', '537 hp', '3.5L Turbo V6', '8.2'),
	('C6', 'Audi', 'Q5', '2024', 'SUV', '55000', '23 / 30', '261 hp', '2.0L Turbo I4', '7.9'),
	('C7', 'Audi', 'A6', '2024', 'Sedan', '60000', '22 / 29', '335 hp', '3.0L V6', '7.8'),
	('C8', 'Audi', 'A3', '2024', 'Sedan', '35000', '26 / 35', '201 hp', '2.0L Turbo I4', '7.3'),
	('C9', 'Audi', 'Q7', '2024', 'SUV', '70000', '20 / 25', '335 hp', '3.0L V6', '8'),
	('C10', 'Audi', 'e-tron', '2024', 'SUV (Electric)', '70000', '80 / 226', '355 hp', 'Electric', '8'),
	('C11', 'BMW', 'X5', '2024', 'SUV', '65000', '21 / 26', '335 hp', '3.0L I6', '8.1'),
	('C12', 'BMW', '3 Series', '2024', 'Sedan', '45000', '26 / 36', '255 hp', '2.0L Turbo I4', '8.2'),
	('C13', 'BMW', 'X3', '2024', 'SUV', '52000', '23 / 29', '248 hp', '2.0L Turbo I4', '8.1'),
	('C14', 'BMW', '5 Series', '2024', 'Sedan', '55000', '25 / 34', '335 hp', '3.0L I6', '8'),
	('C15', 'BMW', 'Z4', '2024', 'Convertible', '55000', '25 / 32', '382 hp', '3.0L Turbo I6', '8.1'),
	('C16', 'Chrysler', 'Pacifica', '2024', 'Minivan', '45000', '19 / 28', '287 hp', '3.6L V6', '7.6'),
	('C17', 'Chrysler', '300', '2024', 'Sedan', '41000', '18 / 27', '292 hp', '3.6L V6', '6.6'),
	('C18', 'Chrysler', 'Voyager', '2024', 'Minivan', '40000', '19 / 28', '287 hp', '3.6L V6', '7'),
	('C19', 'Chrysler', 'Dodge Durango', '2024', 'SUV', '48000', '20 / 26', '293 hp', '3.6L V6', '7.2'),
	('C20', 'Chrysler', 'Dodge Charger', '2024', 'Sedan', '41000', '19 / 30', '292 hp', '3.6L V6', '7.8'),
	('C21', 'Ford', 'F-150', '2024', 'Truck', '55000', '20 / 26', '400 hp', '3.5L V6', '8.1'),
	('C22', 'Ford', 'Mustang', '2024', 'Coupe', '45000', '21 / 30', '450 hp', '5.0L V8', '8.4'),
	('C23', 'Ford', 'Explorer', '2024', 'SUV', '50000', '21 / 28', '300 hp', '2.3L Turbo I4', '7.7'),
	('C24', 'Ford', 'Escape', '2024', 'SUV', '35000', '27 / 33', '250 hp', '2.0L Turbo I4', '7.6'),
	('C25', 'Ford', 'Bronco', '2024', 'SUV', '42000', '20 / 24', '330 hp', '2.7L Turbo V6', '8.1'),
	('C26', 'Honda', 'Accord', '2024', 'Sedan', '35000', '30 / 38', '192 hp', '1.5L Turbo I4', '8'),
	('C27', 'Honda', 'CR-V', '2024', 'SUV', '32000', '28 / 34', '190 hp', '1.5L Turbo I4', '8.1'),
	('C28', 'Honda', 'Civic', '2024', 'Sedan', '28000', '32 / 42', '158 hp', '2.0L I4', '8.1'),
	('C29', 'Honda', 'Pilot', '2024', 'SUV', '38000', '20 / 27', '280 hp', '3.5L V6', '7.8'),
	('C30', 'Honda', 'Odyssey', '2024', 'Minivan', '37000', '19 / 28', '280 hp', '3.5L V6', '8'),
	('C31', 'Jaguar', 'F-Pace', '2024', 'SUV', '60000', '22 / 27', '246 hp', '2.0L Turbo I4', '7.7'),
	('C32', 'Jaguar', 'XE', '2024', 'Sedan', '45000', '25 / 34', '246 hp', '2.0L Turbo I4', '7.5'),
	('C33', 'Jaguar', 'I-PACE', '2024', 'SUV (Electric)', '70000', '80 / 234', '394 hp', 'Electric', '7.5'),
	('C34', 'Jaguar', 'F-Type', '2024', 'Coupe', '65000', '20 / 28', '444 hp', '5.0L V8', '7.8'),
	('C35', 'Jaguar', 'E-PACE', '2024', 'SUV', '50000', '21 / 28', '246 hp', '2.0L Turbo I4', '7.2'),
	('C36', 'Lexus', 'RX 350', '2024', 'SUV', '55000', '22 / 29', '311 hp', '3.5L V6', '8'),
	('C37', 'Lexus', 'ES 350', '2024', 'Sedan', '43000', '22 / 32', '302 hp', '3.5L V6', '8'),
	('C38', 'Lexus', 'NX 350', '2024', 'SUV', '45000', '24 / 33', '275 hp', '2.4L Turbo I4', '7.8'),
	('C39', 'Lexus', 'LS 500', '2024', 'Sedan', '75000', '18 / 28', '416 hp', '3.5L V6', '8'),
	('C40', 'Lexus', 'UX 250h', '2024', 'SUV', '35000', '43 / 41', '181 hp', '2.0L Hybrid I4', '7.5'),
	('C41', 'Mercedes', 'E-Class', '2024', 'Sedan', '60000', '23 / 31', '255 hp', '2.0L Turbo I4', '8'),
	('C42', 'Mercedes', 'GLE 350', '2024', 'SUV', '66000', '21 / 27', '255 hp', '2.0L Turbo I4', '7.7'),
	('C43', 'Mercedes', 'C-Class', '2024', 'Sedan', '45000', '24 / 33', '255 hp', '2.0L Turbo I4', '7.8'),
	('C44', 'Mercedes', 'S-Class', '2024', 'Sedan', '115000', '19 / 27', '429 hp', '3.0L Turbo I6', '8.2'),
	('C45', 'Mercedes', 'EQB 300', '2024', 'SUV (Electric)', '55000', '97 / 220', '288 hp', 'Electric', '7.5'),
	('C46', 'Toyota', 'Camry', '2024', 'Sedan', '30000', '28 / 39', '203 hp', '2.5L I4', '7.7'),
	('C47', 'Toyota', 'RAV4', '2024', 'SUV', '34000', '27 / 35', '203 hp', '2.5L I4', '8.1'),
	('C48', 'Toyota', 'Corolla', '2024', 'Sedan', '25000', '31 / 40', '169 hp', '2.0L I4', '7.5'),
	('C49', 'Toyota', 'Highlander', '2024', 'SUV', '37000', '21 / 29', '265 hp', '3.5L V6', '7.7'),
	('C50', 'Toyota', 'Tacoma', '2024', 'Truck', '35000', '20 / 23', '278 hp', '3.5L V6', '7'),
	('C51', 'Genesis', 'G80', '2024', 'Sedan', '60000', '22 / 30', '375 hp', '3.5L V6', '8'),
	('C52', 'Genesis', 'GV70', '2024', 'SUV', '55000', '22 / 28', '300 hp', '2.5L Turbo I4', '8'),
	('C53', 'Genesis', 'GV80', '2024', 'SUV', '60000', '21 / 27', '375 hp', '3.5L V6', '8.1'),
	('C54', 'Genesis', 'G70', '2024', 'Sedan', '45000', '22 / 30', '365 hp', '3.3L Turbo V6', '8'),
	('C55', 'Hyundai', 'Sonata', '2024', 'Sedan', '28000', '28 / 38', '191 hp', '2.5L I4', '8.1'),
	('C56', 'Hyundai', 'Tucson', '2024', 'SUV', '32000', '25 / 32', '187 hp', '2.5L I4', '8.2'),
	('C57', 'Hyundai', 'Palisade', '2024', 'SUV', '40000', '19 / 26', '291 hp', '3.8L V6', '8'),
	('C58', 'Hyundai', 'Kona', '2024', 'SUV', '25000', '30 / 35', '190 hp', '2.0L I4', '7.7'),
	('C59', 'Infiniti', 'QX60', '2024', 'SUV', '57000', '20 / 26', '295 hp', '3.5L V6', '7.5'),
	('C60', 'Infiniti', 'Q50', '2024', 'Sedan', '42000', '20 / 29', '300 hp', '3.0L Turbo V6', '7.2'),
	('C61', 'Infiniti', 'QX80', '2024', 'SUV', '70000', '14 / 20', '400 hp', '5.6L V8', '7'),
	('C62', 'Infiniti', 'QX55', '2024', 'SUV', '50000', '22 / 27', '268 hp', '2.0L Turbo I4', '7'),
	('C63', 'Land Rover', 'Range Rover', '2024', 'SUV', '92000', '19 / 27', '395 hp', '3.0L Turbo I6', '8'),
	('C64', 'Land Rover', 'Defender', '2024', 'SUV', '60000', '18 / 22', '296 hp', '2.0L Turbo I4', '8'),
	('C65', 'Land Rover', 'Discovery', '2024', 'SUV', '60000', '18 / 23', '296 hp', '2.0L Turbo I4', '7.5'),
	('C66', 'Land Rover', 'Velar', '2024', 'SUV', '65000', '20 / 27', '247 hp', '2.0L Turbo I4', '7.4'),
	('C67', 'Mazda', 'CX-5', '2024', 'SUV', '33000', '24 / 30', '250 hp', '2.5L I4', '8'),
	('C68', 'Mazda', 'Mazda3', '2024', 'Sedan', '28000', '26 / 36', '186 hp', '2.5L I4', '8'),
	('C69', 'Mazda', 'MX-5 Miata', '2024', 'Convertible', '35000', '26 / 35', '181 hp', '2.0L I4', '8.2'),
	('C70', 'Mazda', 'CX-9', '2024', 'SUV', '38000', '20 / 26', '250 hp', '2.5L Turbo I4', '7.9'),
	('C71', 'Nissan', 'Altima', '2024', 'Sedan', '30000', '28 / 39', '188 hp', '2.0L I4', '7.4'),
	('C72', 'Nissan', 'Rogue', '2024', 'SUV', '35000', '26 / 34', '201 hp', '2.5L I4', '7.8'),
	('C73', 'Nissan', 'Maxima', '2024', 'Sedan', '36000', '20 / 30', '300 hp', '3.5L V6', '7'),
	('C74', 'Nissan', 'Titan', '2024', 'Truck', '45000', '15 / 21', '400 hp', '5.6L V8', '7.5'),
	('C75', 'Porsche', 'Macan', '2024', 'SUV', '60000', '19 / 25', '265 hp', '2.0L Turbo I4', '8.1'),
	('C76', 'Porsche', '911', '2024', 'Coupe', '106000', '20 / 27', '379 hp', '3.0L Turbo I6', '8.8'),
	('C77', 'Porsche', 'Cayenne', '2024', 'SUV', '75000', '19 / 23', '335 hp', '3.0L Turbo V6', '8.3'),
	('C78', 'Porsche', 'Panamera', '2024', 'Sedan', '90000', '18 / 24', '325 hp', '2.9L Turbo V6', '8'),
	('C79', 'Subaru', 'Outback', '2024', 'SUV', '33000', '26 / 33', '182 hp', '2.5L I4', '8'),
	('C80', 'Subaru', 'Legacy', '2024', 'Sedan', '29000', '27 / 35', '182 hp', '2.5L I4', '7.8'),
	('C81', 'Subaru', 'Ascent', '2024', 'SUV', '35000', '21 / 27', '260 hp', '2.4L Turbo I4', '7.8'),
	('C82', 'Subaru', 'Crosstrek', '2024', 'SUV', '30000', '28 / 33', '152 hp', '2.0L I4', '8'),
	('C83', 'Volkswagen', 'Atlas', '2024', 'SUV', '36000', '21 / 25', '276 hp', '3.6L V6', '7.7'),
	('C84', 'Volkswagen', 'Golf', '2024', 'Hatchback', '31000', '29 / 39', '168 hp', '2.0L Turbo I4', '8'),
	('C85', 'Volkswagen', 'Jetta', '2024', 'Sedan', '28000', '30 / 40', '158 hp', '1.5L Turbo I4', '7.8'),
	('C86', 'Volkswagen', 'ID.4', '2024', 'SUV (Electric)', '41600', '100 / 250', '201 hp', 'Electric', '7.7');

SELECT * 
FROM Car
ORDER BY CAST(SUBSTRING(carID, 2) AS UNSIGNED);

INSERT INTO SavedCars(memberID, carID) VALUES
	('U1', 'C5'),
    ('U1', 'C13'),
    ('U1', 'C22'),
    ('U1', 'C33'),
    ('U1', 'C45'),
    ('U2', 'C1'),
    ('U2', 'C14'),
    ('U2', 'C27'),
    ('U2', 'C31'),
    ('U4', 'C7'),
    ('U4', 'C16'),
    ('U4', 'C37'),
    ('U4', 'C42'),
    ('U5', 'C3'),
    ('U5', 'C8'),
    ('U5', 'C19'),
    ('U6', 'C6'),
    ('U6', 'C9'),
    ('U6', 'C12'),
    ('U8', 'C13'),
    ('U8', 'C46'),
    ('U8', 'C80'),
    ('U9', 'C10'),
    ('U9', 'C26'),
    ('U9', 'C34'),
    ('U9', 'C38'),
    ('U9', 'C49'),
    ('U10', 'C11'),
    ('U10', 'C21'),
    ('U10', 'C46'),
    ('U10', 'C60'),
    ('U11', 'C65'),
    ('U12', 'C4'),
    ('U12', 'C19'),
    ('U12', 'C27'),
    ('U12', 'C52'),
    ('U13', 'C11'),
    ('U13', 'C34'),
    ('U13', 'C39'),
    ('U14', 'C5'),
    ('U14', 'C22'),
    ('U14', 'C31'),
    ('U14', 'C51'),
    ('U14', 'C63'),
    ('U15', 'C34'),
    ('U16', 'C56'),
    ('U16', 'C38'),
    ('U17', 'C6'),
    ('U17', 'C16'),
    ('U17', 'C43'),
    ('U17', 'C55'),
    ('U18', 'C23'),
    ('U18', 'C29'),
    ('U18', 'C77'),
    ('U19', 'C3'),
    ('U19', 'C12'),
    ('U19', 'C27'),
    ('U19', 'C38'),
    ('U20', 'C26'),
    ('U20', 'C32'),
    ('U20', 'C43'),
    ('U21', 'C81'),
    ('U23', 'C25'),
    ('U23', 'C44'),
    ('U23', 'C52'),
    ('U24', 'C6'),
    ('U24', 'C19'),
    ('U25', 'C5'),
    ('U25', 'C12'),
    ('U25', 'C21'),
    ('U26', 'C2'),
    ('U26', 'C15'),
    ('U26', 'C37'),
    ('U26', 'C45'),
    ('U27', 'C43'),
    ('U28', 'C7'),
    ('U28', 'C8'),
    ('U28', 'C11'),
    ('U28', 'C13'),
    ('U28', 'C22'),
    ('U30', 'C53'),
    ('U31', 'C76'),
    ('U31', 'C48'),
    ('U32', 'C20'),
    ('U32', 'C24'),
    ('U32', 'C36'),
    ('U34', 'C65'),
    ('U35', 'C23'),
    ('U35', 'C34'),
    ('U35', 'C49'),
    ('U36', 'C4'),
    ('U36', 'C17'),
    ('U36', 'C20'),
    ('U36', 'C32'),
    ('U36', 'C54'),
    ('U37', 'C21'),
    ('U37', 'C44'),
    ('U38', 'C57'),
    ('U38', 'C58'),
    ('U39', 'C8'),
    ('U39', 'C14'),
    ('U39', 'C31'),
    ('U41', 'C10'),
    ('U41', 'C20'),
    ('U41', 'C24'),
    ('U42', 'C9'),
    ('U43', 'C3'),
    ('U43', 'C7'),
    ('U44', 'C11'),
    ('U44', 'C85'),
    ('U46', 'C26'),
    ('U46', 'C32'),
    ('U46', 'C43'),
    ('U47', 'C53'),
    ('U47', 'C82'),
    ('U48', 'C10'),
    ('U48', 'C19'),
    ('U48', 'C24'),
    ('U50', 'C86'),
    ('U50', 'C29');
    
SELECT * 
FROM SavedCars
ORDER BY CAST(SUBSTRING(memberID, 2) AS UNSIGNED);

INSERT INTO Reviews(reviewID, carID, author, datePosted, reviewContent) VALUES
	('R1', 'C78', 'U43', '2024-05-12', 'Reliable, fuel-efficient, and spacious with advanced safety features. Perfect for families.'),
    ('R2', 'C28', 'U20', '2023-08-22', 'Sporty design, excellent fuel economy, and tech-savvy interior. A top choice for compact car lovers.'),
    ('R3', 'C59', 'U35', '2024-05-21', 'Tough and capable, with impressive towing and payload capacities. Ideal for work and play.'),
    ('R4', 'C28', 'U15', '2024-07-20', 'Strong performance, spacious cabin, and modern tech make it a great option.'),
    ('R5', 'C53', 'U50', '2024-05-27', 'Reliable, spacious, and family-friendly. A leading option.'),
	('R6', 'C58', 'U15', '2024-03-24', 'Luxurious, sporty, and refined. Perfect blend of performance and comfort.'),
	('R7', 'C71', 'U40', '2023-08-10', 'Elegant design, advanced tech, and smooth ride. A premium choice.'),
	('R8', 'C80', 'U15', '2023-06-12', 'High-quality interior, powerful engine options, and sophisticated styling.'),
	('R9', 'C19', 'U14', '2023-12-08', 'Stylish, efficient, and packed with features. A great value.'),
	('R10', 'C58', 'U38', '2024-03-15', 'Affordable, comfortable, and loaded with safety features. A solid choice.'),
	('R11', 'C33', 'U39', '2023-06-23', 'Sporty handling, upscale interior, and advanced safety features.'),
	('R12', 'C47', 'U37', '2023-10-30', 'Spacious, efficient, and reliable. A favorite among many.'),
	('R13', 'C46', 'U26', '2023-12-03', 'Versatile, fuel-efficient, and equipped with advanced safety tech. Ideal for families.'),
	('R14', 'C81', 'U2', '2023-07-05', 'All-wheel drive, rugged design, and ample cargo space. Perfect for adventure seekers.'),
	('R15', 'C47', 'U30', '2023-09-22', 'Off-road capable, luxurious, and powerful. A versatile option.'),
	('R16', 'C71', 'U26', '2024-06-17', 'Efficient, spacious, and tech-filled. A great compact choice.'),
	('R17', 'C41', 'U3', '2023-10-14', 'Comfortable, roomy, and user-friendly tech. A practical option.'),
	('R18', 'C4', 'U38', '2024-02-09', 'Comfortable ride, good fuel economy, and spacious interior. A solid choice.'),
	('R19', 'C39', 'U33', '2023-06-03', 'Stylish, spacious, and tech-savvy. A standout in its segment.'),
	('R20', 'C30', 'U14', '2023-12-11', 'Luxurious, smooth, and reliable. A top choice for luxury seekers.'),
	('R21', 'C71', 'U33', '2024-04-04', 'Sporty, spacious, and feature-rich. A great luxury option.'),
	('R22', 'C8', 'U43', '2023-11-07', 'Elegant, spacious, and advanced safety features. A solid choice.'),
	('R23', 'C22', 'U30', '2024-02-12', 'Powerful, luxurious, and tech-packed. A leading option.'),
	('R24', 'C35', 'U3', '2024-06-16', 'Stylish, high-tech, and comfortable. A premium choice.'),
	('R25', 'C42', 'U27', '2023-12-01', 'Luxurious, powerful, and spacious. A top-tier option.'),
	('R26', 'C78', 'U50', '2023-07-21', 'Affordable, efficient, and packed with features. A strong choice.'),
	('R27', 'C84', 'U26', '2023-08-26', 'Stylish, practical, and loaded with tech. A great value option.'),
	('R28', 'C36', 'U40', '2023-08-21', 'Stylish, fun to drive, and spacious. A top choice.'),
	('R29', 'C86', 'U15', '2024-05-26', 'Electric with quick acceleration, long range, and cutting-edge tech. Leading the EV market.'),
	('R30', 'C22', 'U39', '2024-07-11', 'Spacious, comfortable, and well-equipped. A great choice for families.'),
	('R31', 'C31', 'U35', '2023-06-02', 'Spacious, tech-filled, and smooth ride. A top choice.'),
	('R32', 'C5', 'U3', '2023-07-22', 'Versatile, powerful, and tech-savvy. A great option.'),
	('R33', 'C16', 'U15', '2023-11-17', 'Iconic design, off-road capable, and fun. Perfect for adventure.'),
	('R34', 'C36', 'U35', '2024-04-21', 'All-wheel drive, spacious, and safe. A great choice.'),
	('R35', 'C32', 'U38', '2024-02-25', 'Spacious, comfortable, and modern tech. A solid option.'),
	('R36', 'C68', 'U50', '2023-09-14', 'Luxurious, efficient, and compact. A great luxury choice.'),
	('R37', 'C27', 'U27', '2024-06-09', 'Luxurious, spacious, and advanced tech. A premium choice.'),
	('R38', 'C18', 'U3', '2024-06-06', 'Sporty, luxurious, and tech-savvy. A standout option.'),
	('R39', 'C56', 'U46', '2023-09-11', 'Stylish, luxurious, and powerful. A top choice.'),
	('R40', 'C62', 'U49', '2023-09-08', 'Sporty, tech-filled, and spacious. A great compact choice.'),
	('R41', 'C46', 'U14', '2024-04-30', 'Elegant, powerful, and high-tech. A solid choice.'),
	('R42', 'C22', 'U14', '2024-01-24', 'Electric, spacious, and high-tech. Leading the market.'),
	('R43', 'C67', 'U35', '2023-07-11', 'Powerful, luxurious, and sporty. A top luxury choice.'),
	('R44', 'C32', 'U14', '2023-08-24', 'Luxurious, off-road capable, and powerful. A premium choice.'),
	('R45', 'C35', 'U20', '2024-07-11', 'Sporty, stylish, and powerful. A standout option.'),
	('R46', 'C82', 'U33', '2023-08-20', 'Safe, luxurious, and spacious. A top choice.'),
	('R47', 'C3', 'U1', '2023-08-29', 'Sporty, stylish, and powerful. A unique choice.'),
	('R48', 'C43', 'U43', '2023-07-18', 'Luxurious, spacious, and high-tech. A solid choice.'),
	('R49', 'C61', 'U50', '2024-07-01', 'Luxurious, powerful, and spacious. A premium choice.'),
	('R50', 'C81', 'U46', '2023-10-06', 'Spacious, comfortable, and feature-rich. A great option.'),
	('R51', 'C15', 'U27', '2024-01-14', 'Spacious, powerful, and tech-savvy. A solid choice.'),
	('R52', 'C50', 'U26', '2024-03-16', 'Stylish, powerful, and tech-filled. A great option.'),
	('R53', 'C64', 'U50', '2023-12-23', 'Spacious, luxurious, and feature-rich. A top choice.'),
	('R54', 'C18', 'U37', '2024-05-06', 'Stylish, spacious, and well-equipped. A leading choice.'),
	('R55', 'C72', 'U14', '2023-11-15', 'Fun to drive, stylish, and affordable. A top choice.'),
	('R56', 'C20', 'U15', '2023-07-22', 'Iconic, powerful, and fun. A leading choice.'),
	('R57', 'C65', 'U40', '2024-03-20', 'Powerful, stylish, and fun to drive. A great option.'),
	('R58', 'C83', 'U1', '2024-02-12', 'Retro design, powerful engines, and spacious. A unique choice.'),
	('R59', 'C22', 'U15', '2023-10-22', 'Sporty, luxurious, and fun. A top choice.'),
	('R60', 'C39', 'U20', '2023-11-02', 'Iconic, powerful, and luxurious. A top-tier choice.'),
	('R61', 'C41', 'U38', '2024-04-21', 'Stylish, sporty, and tech-filled. A great option.'),
	('R62', 'C84', 'U37', '2024-03-10', 'Powerful, high-tech, and thrilling. A top performance choice.');
    
SELECT * 
FROM Reviews
ORDER BY CAST(SUBSTRING(reviewID, 2) AS UNSIGNED);

INSERT INTO ReviewLikes(reviewID, memberID) VALUES
	('R1','U43'),
    ('R1','U37'),
    ('R1','U27'),
    ('R2','U14'),
    ('R2','U30'),
    ('R3','U33'),
    ('R3','U2'),
    ('R3','U3'),
    ('R4','U26'),
    ('R4','U35'),
    ('R4','U15'),
    ('R5','U15'),
    ('R5','U46'),
    ('R5','U50'),
    ('R6','U40'),
    ('R6','U39'),
    ('R6','U1'),
    ('R8','U20'),
    ('R8','U33'),
    ('R9','U35'),
    ('R9','U1'),
    ('R9','U50'),
    ('R10','U38'),
    ('R10','U46'),
    ('R10','U2'),
    ('R11','U15'),
    ('R11','U33'),
    ('R12','U40'),
    ('R12','U1'),
    ('R12','U27'),
    ('R13','U38'),
    ('R13','U50'),
    ('R13','U20'),
    ('R14','U49'),
    ('R14','U46'),
    ('R14','U27'),
    ('R15','U1'),
    ('R15','U2'),
    ('R15','U38'),
    ('R16','U35'),
    ('R16','U37'),
    ('R16','U50'),
    ('R17','U43'),
    ('R17','U39'),
    ('R18','U46'),
    ('R18','U15'),
    ('R18','U30'),
    ('R19','U33'),
    ('R19','U1'),
    ('R19','U3'),
    ('R20','U38'),
    ('R21','U49'),
    ('R21','U20'),
    ('R21','U50'),
    ('R22','U50'),
    ('R22','U30'),
    ('R22','U35'),
    ('R23','U15'),
    ('R23','U37'),
    ('R23','U43'),
    ('R24','U46'),
    ('R24','U3'),
    ('R24','U1'),
    ('R25','U43'),
    ('R25','U2'),
    ('R25','U20'),
    ('R26','U14'),
    ('R26','U33'),
    ('R26','U35'),
    ('R27','U50'),
    ('R27','U27'),
    ('R27','U30'),
    ('R29','U38'),
    ('R29','U1'),
    ('R29','U2'),
    ('R31','U2'),
    ('R31','U30'),
    ('R31','U43'),
    ('R32','U49'),
    ('R32','U14'),
    ('R32','U35'),
    ('R33','U46'),
    ('R33','U40'),
    ('R33','U50'),
    ('R34','U33'),
    ('R34','U3'),
    ('R34','U1'),
    ('R35','U15'),
    ('R35','U27'),
    ('R35','U37'),
    ('R36','U38'),
    ('R36','U30'),
    ('R36','U2'),
    ('R37','U46'),
    ('R37','U35'),
    ('R37','U14'),
    ('R38','U40'),
    ('R38','U1'),
    ('R38','U43'),
    ('R40','U27'),
    ('R40','U30'),
    ('R40','U20'),
    ('R41','U2'),
    ('R41','U14'),
    ('R41','U35'),
    ('R42','U49'),
    ('R42','U46'),
    ('R42','U1'),
    ('R43','U38'),
    ('R43','U15'),
    ('R43','U40'),
    ('R44','U37'),
    ('R44','U3'),
    ('R44','U27'),
    ('R45','U50'),
    ('R45','U33'),
    ('R45','U20'),
    ('R46','U46'),
    ('R46','U30'),
    ('R46','U2'),
    ('R48','U43'),
    ('R48','U14'),
    ('R48','U49'),
    ('R49','U3'),
    ('R49','U37'),
    ('R49','U38'),
    ('R50','U40'),
    ('R50','U50'),
    ('R51','U30'),
    ('R52','U35'),
    ('R52','U33'),
    ('R52','U15'),
    ('R53','U20'),
    ('R53','U2'),
    ('R53','U43'),
    ('R54','U27'),
    ('R54','U14'),
    ('R54','U38'),
    ('R55','U3'),
    ('R55','U49'),
    ('R55','U46'),
    ('R57','U33'),
    ('R57','U30'),
    ('R57','U37'),
    ('R58','U15'),
    ('R58','U2'),
    ('R58','U20'),
    ('R59','U50'),
    ('R59','U1'),
    ('R59','U43'),
    ('R60','U27'),
    ('R60','U3'),
    ('R60','U14'),
    ('R61','U46'),
    ('R61','U35'),
    ('R61','U49'),
    ('R62','U30'),
    ('R62','U38'),
    ('R62','U40');
    
SELECT * 
FROM ReviewLikes
ORDER BY CAST(SUBSTRING(reviewID, 2) AS UNSIGNED);

INSERT INTO ReviewDislikes(reviewID, memberID) VALUES
	('R1','U15'),
    ('R1','U40'),
    ('R2','U50'),
    ('R2','U27'),
    ('R2','U2'),
    ('R3','U35'),
    ('R3','U20'),
    ('R5','U38'),
    ('R5','U49'),
    ('R6','U30'),
    ('R6','U3'),
    ('R8','U3'),
    ('R8','U15'),
    ('R8','U26'),
    ('R9','U43'),
    ('R9','U33'),
    ('R10','U27'),
    ('R10','U50'),
    ('R11','U40'),
    ('R11','U14'),
    ('R12','U46'),
    ('R12','U20'),
    ('R14','U38'),
    ('R14','U30'),
    ('R15','U49'),
    ('R15','U33'),
    ('R16','U27'),
    ('R16','U3'),
    ('R17','U15'),
    ('R17','U14'),
    ('R18','U43'),
    ('R18','U35'),
    ('R19', 'U20'),
    ('R19', 'U2'),
	('R20', 'U30'),
    ('R20', 'U3'),
	('R21', 'U43'),
    ('R21', 'U38'),
    ('R21', 'U46'),
	('R22', 'U20'),
    ('R22', 'U49'),
	('R23', 'U40'),
    ('R23', 'U33'),
	('R24', 'U27'),
    ('R24', 'U14'),
	('R25', 'U15'),
    ('R25', 'U49'),
	('R26', 'U30'),
    ('R26', 'U37'),
	('R27', 'U46'),
    ('R27', 'U1'),
	('R28', 'U3'),
    ('R28', 'U2'),
	('R29', 'U30'),
    ('R29', 'U33'),
	('R31', 'U50'),
    ('R31', 'U1'),
	('R32', 'U40'),
    ('R32', 'U14'),
	('R34', 'U20'),
    ('R34', 'U15'),
	('R35', 'U30'),
    ('R35', 'U46'),
	('R36', 'U35'),
    ('R36', 'U27'),
	('R37', 'U2'),
    ('R37', 'U49'),
	('R38', 'U46'),
    ('R38', 'U33'),
	('R39', 'U14'),
    ('R39', 'U50'),
	('R40', 'U15'),
    ('R40', 'U35'),
	('R41', 'U30'),
    ('R41', 'U46'),
	('R43', 'U27'),
    ('R43', 'U20'),
	('R44', 'U38'),
    ('R44', 'U2'),
	('R45', 'U49'),
    ('R45', 'U43'),
	('R46', 'U33'),
    ('R46', 'U40'),
	('R47', 'U15'),
    ('R47', 'U14'),
	('R48', 'U30'),
    ('R48', 'U35'),
	('R49', 'U46'),
	('R50', 'U3'),
    ('R50', 'U27'),
	('R51', 'U20'),
    ('R51', 'U1'),
	('R52', 'U43'),
    ('R52', 'U38'),
	('R53', 'U50'),
    ('R53', 'U49'),
	('R54', 'U15'),
    ('R54', 'U33'),
	('R55', 'U40'),
    ('R55', 'U35'),
	('R57', 'U46'),
    ('R57', 'U3'),
	('R58', 'U27'),
    ('R58', 'U14'),
	('R59', 'U38'),
    ('R59', 'U2'),
	('R60', 'U50'),
    ('R60', 'U20'),
	('R62', 'U43'),
    ('R62', 'U33');

SELECT * 
FROM ReviewDislikes
ORDER BY CAST(SUBSTRING(reviewID, 2) AS UNSIGNED);

INSERT INTO Comments(commentID, reviewID, author, datePosted, textualContent) VALUES
	('CM1', 'R31', 'U31', '2023-06-04', '“Great review! Your insights on the fuel efficiency are spot on.”'),
	('CM2', 'R56', 'U35', '2023-07-28', '“I disagree about the handling; I found it quite nimble on the twisty roads.”'),
	('CM3', 'R18', 'U40', '2024-02-15', '“Could you elaborate more on the interior space? I have a growing family and that’s a big concern for me.”'),
	('CM4', 'R61', 'U24', '2024-04-22', '“Love the detailed breakdown of the tech features. Very helpful!”'),
	('CM5', 'R33', 'U46', '2023-12-01', '“Thanks for mentioning the cargo space. I was worried it might be too cramped for my needs.”'),
	('CM6', 'R55', 'U30', '2023-11-28', '“The ride comfort sounds fantastic. I’ve been looking for something that handles long trips well.”'),
	('CM7', 'R52', 'U42', '2024-03-21', '“I’m curious about the safety features you didn’t cover. Are there any advanced driver-assist systems?”'),
	('CM8', 'R26', 'U19', '2023-07-25', '“The review is great, but I wish you had talked more about the maintenance costs.”'),
	('CM9', 'R15', 'U2', '2023-09-23', '“I’ve heard mixed things about the reliability. Did you experience any issues?”'),
	('CM10', 'R2', 'U14', '2023-08-22', '“Your review on the fuel economy was insightful. How does it compare with similar models?”'),
	('CM11', 'R32', 'U32', '2023-07-23', '“How does this car perform in snow and adverse weather conditions?”'),
	('CM12', 'R28', 'U11', '2023-08-24', '“Can you provide more details about the warranty coverage?”'),
	('CM13', 'R47', 'U29', '2023-08-30', '“The infotainment system sounds impressive. How intuitive is it to use while driving?”'),
	('CM14', 'R11', 'U49', '2023-06-27', '“I’m concerned about the noise level in the cabin. Any thoughts on that?”'),
	('CM15', 'R61', 'U50', '2024-04-26', '“Thanks for highlighting the pros and cons. Very balanced review!”'),
	('CM16', 'R13', 'U46', '2023-12-03', '“Do you think this car offers good value for the price?”'),
	('CM17', 'R38', 'U7', '2024-06-07', '“How’s the visibility from the driver’s seat? I’ve had issues with other cars in the past.”'),
	('CM18', 'R37', 'U10', '2024-06-11', '“I love the style of the car, but is the ride as smooth as you make it sound?”'),
	('CM19', 'R4', 'U45', '2024-07-22', '“Great job on the review, but I would have liked to see a comparison with the previous model.”'),
	('CM20', 'R16', 'U19', '2024-06-17', '“What about the comfort of the rear seats? I often have passengers in the back.”'),
	('CM21', 'R40', 'U37', '2023-09-09', '“Could you discuss the driving dynamics a bit more? I’m interested in how it feels on the highway.”'),
	('CM22', 'R53', 'U5', '2023-12-24', '“The fuel tank size sounds like it might be a bit small. How often would you need to refuel?”'),
	('CM23', 'R12', 'U4', '2023-10-31', '“What’s the trunk space like with the seats down?”'),
	('CM24', 'R60', 'U1', '2023-11-04', '“Is there an option for a manual transmission or is it all automatic?”'),
	('CM25', 'R20', 'U37', '2023-12-13', '“How does this model handle off-road conditions?”'),
	('CM26', 'R10', 'U33', '2024-03-17', '“I’m interested in the long-term reliability. Do you have any info on that?”'),
	('CM27', 'R42', 'U41', '2024-01-25', '“Can you speak more about the driving assist features?”'),
	('CM28', 'R41', 'U23', '2024-05-10', '“The design is sleek, but how’s the overall build quality?”'),
	('CM29', 'R7', 'U18', '2023-08-20', '“I’m considering this car for towing. How well does it handle a trailer?”'),
	('CM30', 'R25', 'U40', '2023-12-09', '“What’s the visibility like with the current camera and sensor system?”'),
	('CM31', 'R13', 'U12', '2023-12-06', '“Is there an option for a sunroof or panoramic roof?”'),
	('CM32', 'R39', 'U23', '2023-09-13', '“How’s the noise insulation compared to other cars in its class?”'),
	('CM33', 'R23', 'U10', '2024-02-20', '“Could you go over the available trims and which one offers the best value?”'),
	('CM34', 'R17', 'U32', '2023-10-14', '“I’m looking for a car with a high safety rating. How does this model fare?”'),
	('CM35', 'R5', 'U40', '2024-05-28', '“The technology seems advanced, but are there any user-friendly features for everyday driving?”'),
	('CM36', 'R35', 'U26', '2024-02-28', '“How comfortable are the seats on long drives?”'),
	('CM37', 'R54', 'U18', '2024-05-11', '“What’s the average insurance cost for this vehicle?”'),
	('CM38', 'R58', 'U26', '2024-03-08', '“Can you provide more details on the driving modes and their impact on performance?”'),
	('CM39', 'R46', 'U36', '2023-08-21', '“How easy is it to find replacement parts and service for this car?”'),
	('CM40', 'R34', 'U41', '2024-04-22', '“The performance sounds impressive. How does it handle steep hills and inclines?”'),
	('CM41', 'R45', 'U42', '2024-07-18', '“I’d love to see a comparison with similar vehicles from other brands.”'),
	('CM42', 'R36', 'U28', '2023-10-12', '“How does the car perform in city driving versus highway driving?”'),
	('CM43', 'R21', 'U37', '2024-04-20', '“What’s the availability of electric or hybrid versions of this model?”'),
	('CM44', 'R1', 'U47', '2023-08-23', '“Is there a significant difference in performance between the base model and the higher trims?”'),
	('CM45', 'R30', 'U48', '2024-08-07', '“How does the car fare in crash test ratings?”'),
	('CM46', 'R44', 'U14', '2023-10-11', '“I’m interested in how the car handles in different driving conditions. Any insights?”'),
	('CM47', 'R61', 'U5', '2024-04-22', '“Does this model offer any unique features that set it apart from competitors?”'),
	('CM48', 'R19', 'U22', '2023-06-17', '“What’s the general consensus on owner satisfaction for this model?”');

SELECT * 
FROM Comments
ORDER BY CAST(SUBSTRING(commentID, 3) AS UNSIGNED);

INSERT INTO CommentLikes(commentID, memberID) VALUES
	('CM1', 'U3'),
	('CM2', 'U4'),
	('CM3', 'U7'),
	('CM4', 'U5'),
	('CM6', 'U2'),
	('CM7', 'U6'),
	('CM8', 'U10'),
	('CM9', 'U10'),
	('CM11', 'U8'),
	('CM12', 'U1'),
	('CM13', 'U15'),
	('CM14', 'U2'),
	('CM15', 'U5'),
	('CM16', 'U9'),
	('CM17', 'U4'),
	('CM19', 'U23'),
	('CM21', 'U1'),
	('CM22', 'U11'),
	('CM23', 'U7'),
	('CM24', 'U13'),
	('CM25', 'U33'),
	('CM26', 'U5'),
	('CM29', 'U1'),
	('CM30', 'U24'),
	('CM31', 'U14'),
	('CM33', 'U1'),
	('CM34', 'U13'),
	('CM35', 'U10'),
	('CM36', 'U17'),
	('CM38', 'U2'),
	('CM39', 'U12'),
	('CM40', 'U21'),
	('CM42', 'U5'),
	('CM43', 'U3'),
	('CM45', 'U10'),
	('CM46', 'U11'),
	('CM47', 'U15'),
	('CM48', 'U12'),
    ('CM1', 'U11'),
	('CM2', 'U12'),
	('CM3', 'U14'),
	('CM4', 'U9'),
	('CM6', 'U8'),
	('CM7', 'U13'),
	('CM9', 'U17'),
	('CM11', 'U22'),
	('CM12', 'U14'),
	('CM13', 'U21'),
	('CM15', 'U13'),
	('CM16', 'U18'),
	('CM19', 'U38'),
	('CM21', 'U8'),
	('CM22', 'U14'),
	('CM23', 'U15'),
	('CM24', 'U19'),
	('CM26', 'U12'),
	('CM29', 'U9'),
	('CM30', 'U33'),
	('CM31', 'U20'),
	('CM33', 'U15'),
	('CM34', 'U19'),
	('CM35', 'U24'),
	('CM38', 'U11'),
	('CM39', 'U18'),
	('CM40', 'U34'),
	('CM42', 'U13'),
	('CM43', 'U14'),
	('CM45', 'U17'),
	('CM46', 'U19'),
	('CM47', 'U22'),
	('CM48', 'U21'),
    ('CM1', 'U16'),
	('CM2', 'U20'),
	('CM3', 'U23'),
	('CM4', 'U18'),
	('CM7', 'U19'),
	('CM9', 'U24'),
	('CM11', 'U33'),
	('CM13', 'U36'),
	('CM15', 'U19'),
	('CM16', 'U31'),
	('CM19', 'U47'),
	('CM21', 'U16'),
	('CM23', 'U11'),
	('CM24', 'U32'),
	('CM29', 'U20'),
	('CM30', 'U49'),
	('CM31', 'U26'),
	('CM33', 'U23'),
	('CM34', 'U27'),
	('CM35', 'U33'),
	('CM38', 'U25'),
	('CM39', 'U29'),
	('CM40', 'U50'),
	('CM42', 'U18'),
	('CM43', 'U20'),
	('CM45', 'U28'),
	('CM46', 'U25'),
	('CM47', 'U30'),
	('CM48', 'U26'),
    ('CM1', 'U22'),
	('CM3', 'U37'),
	('CM4', 'U26'),
	('CM9', 'U30'),
	('CM11', 'U46'),
	('CM13', 'U43'),
	('CM15', 'U27'),
	('CM29', 'U25'),
	('CM31', 'U47'),
	('CM34', 'U43'),
	('CM34', 'U25'),
	('CM39', 'U42'),
	('CM42', 'U29'),
	('CM45', 'U44'),
	('CM46', 'U49'),
    ('CM1', 'U45'),
	('CM4', 'U34'),
	('CM15', 'U42'),
	('CM34', 'U11');
    
SELECT * 
FROM CommentLikes
ORDER BY CAST(SUBSTRING(commentID, 3) AS UNSIGNED);

INSERT INTO CommentDislikes(commentID, memberID) VALUES
	('CM1', 'U2'),
	('CM2', 'U3'),
	('CM6', 'U3'),
	('CM7', 'U4'),
	('CM8', 'U11'),
	('CM9', 'U1'),
	('CM10', 'U3'),
	('CM11', 'U1'),
	('CM13', 'U6'),
	('CM15', 'U4'),
	('CM16', 'U1'),
	('CM18', 'U13'),
	('CM19', 'U8'),
	('CM20', 'U4'),
	('CM23', 'U5'),
	('CM24', 'U3'),
	('CM25', 'U12'),
	('CM27', 'U7'),
	('CM29', 'U2'),
	('CM30', 'U5'),
	('CM31', 'U4'),
	('CM32', 'U12'),
	('CM33', 'U8'),
	('CM35', 'U9'),
	('CM37', 'U20'),
	('CM38', 'U1'),
	('CM39', 'U8'),
	('CM41', 'U10'),
	('CM43', 'U11'),
	('CM44', 'U2'),
	('CM46', 'U13'),
	('CM47', 'U2'),
	('CM48', 'U35'),
    ('CM1', 'U4'),
	('CM2', 'U7'),
	('CM6', 'U5'),
	('CM7', 'U12'),
	('CM8', 'U15'),
	('CM9', 'U4'),
	('CM10', 'U5'),
	('CM11', 'U4'),
	('CM13', 'U9'),
	('CM16', 'U6'),
	('CM18', 'U40'),
	('CM19', 'U14'),
	('CM23', 'U12'),
	('CM24', 'U7'),
	('CM25', 'U16'),
	('CM27', 'U11'),
	('CM29', 'U6'),
	('CM30', 'U9'),
	('CM31', 'U6'),
	('CM33', 'U12'),
	('CM37', 'U45'),
	('CM38', 'U7'),
	('CM39', 'U15'),
	('CM41', 'U16'),
	('CM44', 'U5'),
	('CM46', 'U16'),
	('CM47', 'U7'),
    ('CM1', 'U8'),
	('CM6', 'U11'),
	('CM7', 'U21'),
	('CM8', 'U18'),
	('CM9', 'U12'),
	('CM11', 'U7'),
	('CM13', 'U13'),
	('CM16', 'U10'),
	('CM19', 'U46'),
	('CM23', 'U20'),
	('CM25', 'U48'),
	('CM30', 'U13'),
	('CM33', 'U37'),
	('CM39', 'U47'),
	('CM41', 'U50'),
	('CM44', 'U9'),
	('CM46', 'U28'),
    ('CM1', 'U12'),
	('CM6', 'U17'),
	('CM7', 'U29'),
	('CM9', 'U18'),
	('CM11', 'U16'),
	('CM1', 'U19'),
	('CM9', 'U42'),
	('CM11', 'U31');

SELECT * 
FROM CommentDislikes
ORDER BY CAST(SUBSTRING(commentID, 3) AS UNSIGNED);

INSERT INTO Photo(photoID, carID) VALUES
	('P1', 'C1'),
	('P2', 'C2'),
	('P3', 'C3'),
	('P4', 'C4'),
	('P5', 'C5'),
	('P6', 'C6'),
	('P7', 'C7'),
	('P8', 'C8'),
	('P9', 'C9'),
	('P10', 'C10'),
	('P11', 'C11'),
	('P12', 'C12'),
	('P13', 'C13'),
	('P14', 'C14'),
	('P15', 'C15'),
	('P16', 'C16'),
	('P17', 'C17'),
	('P18', 'C18'),
	('P19', 'C19'),
	('P20', 'C20'),
	('P21', 'C21'),
	('P22', 'C22'),
	('P23', 'C23'),
	('P24', 'C24'),
	('P25', 'C25'),
	('P26', 'C26'),
	('P27', 'C27'),
	('P28', 'C28'),
	('P29', 'C29'),
	('P30', 'C30'),
	('P31', 'C31'),
	('P32', 'C32'),
	('P33', 'C33'),
	('P34', 'C34'),
	('P35', 'C35'),
	('P36', 'C36'),
	('P37', 'C37'),
	('P38', 'C38'),
	('P39', 'C39'),
	('P40', 'C40'),
	('P41', 'C41'),
	('P42', 'C42'),
	('P43', 'C43'),
	('P44', 'C44'),
	('P45', 'C45'),
	('P46', 'C46'),
	('P47', 'C47'),
	('P48', 'C48'),
	('P49', 'C49'),
	('P50', 'C50'),
	('P51', 'C51'),
	('P52', 'C52'),
	('P53', 'C53'),
	('P54', 'C54'),
	('P55', 'C55'),
	('P56', 'C56'),
	('P57', 'C57'),
	('P58', 'C58'),
	('P59', 'C59'),
	('P60', 'C60'),
	('P61', 'C61'),
	('P62', 'C62'),
	('P63', 'C63'),
	('P64', 'C64'),
	('P65', 'C65'),
	('P66', 'C66'),
	('P67', 'C67'),
	('P68', 'C68'),
	('P69', 'C69'),
	('P70', 'C70'),
	('P71', 'C71'),
	('P72', 'C72'),
	('P73', 'C73'),
	('P74', 'C74'),
	('P75', 'C75'),
	('P76', 'C76'),
	('P77', 'C77'),
	('P78', 'C78'),
	('P79', 'C79'),
	('P80', 'C80'),
	('P81', 'C81'),
	('P82', 'C82'),
	('P83', 'C83'),
	('P84', 'C84'),
	('P85', 'C85'),
	('P86', 'C86');

SELECT * 
FROM Photo
ORDER BY CAST(SUBSTRING(photoID, 3) AS UNSIGNED);